ObjectType;OldId;Name;NewId
codeunit;50000;"HR Dates";
codeunit;50001;"PR Payroll Processing";
codeunit;50002;PortalWebService;
codeunit;50003;testSEndEmail;
codeunit;50003;"Signature Asset";
codeunit;50004;Signature;
codeunit;50004;Signature;
codeunit;50005;PortalWebServiceTemp;
codeunit;50008;"Page Management Ext";
codeunit;50014;"Calendar Management7600" { };
codeunit;50015;CheckManagement367 { };
codeunit;50016;"Copy Document Mgt.6620" { };
codeunit;50017;DimensionManagement408 { };
codeunit;50018;DocumentNoVisibility1400;
codeunit;50019;"Document Report Mgt.9651" { };
codeunit;50020;"Export Analysis View424" { };
codeunit;50021;"Export Item Analysis View7152" { };
codeunit;50022;"Gen. Jnl.-Post231" { };
codeunit;50023;"Gen. Jnl.-Post Batch13" { };
codeunit;50024;"Gen. Jnl.-Post Line12" { };
codeunit;50025;"Item-Check Avail.311" { };
codeunit;50026;"Item Jnl.-Post241" { };
codeunit;50027;"Item Jnl.-Post Batch23" { };
codeunit;50028;"Item Jnl.-Post Line22" { };
codeunit;50029;"Job Jnl.-Post Line1012" { };
codeunit;50030;"Job Link Usage1026" { };
codeunit;50031;"Job Planning Line-Reserve1032" { };
codeunit;50032;MoveEntries361;
codeunit;50033;"Update Analysis View410";
codeunit;50034;"Super Controller";
codeunit;50035;"Workflow Event Handling Ext";
codeunit;50036;"Scheduled Task";
codeunit;50037;"Custom Approvals Codeunit";
codeunit;50038;"Haki kwa ground Api";
codeunit;50039;"Document Attachment";
codeunit;50040;SupplyChainWebServices;
codeunit;50041;"Green Mbanking";
codeunit;50106;"Approvals Mgt";
codeunit;50107;"Response Handling";
codeunit;50147;"Signature Store Issue";
codeunit;51008;eRecruitment;
codeunit;52193423;"HR Leave Jnl.-Post";
codeunit;52193424;"HR Leave Jnl.- Post Batch";
codeunit;52193425;"HR Leave Jnl.- Check Line";
codeunit;52193426;"HR Leave Jnl.- Post Line";
codeunit;52193427;"HR Leave Jnl Management";
codeunit;52193428;"HR Leave Year - Close";
codeunit;52193429;"HR Make Leave Ledg. Entry";
codeunit;52193430;"HR Appraisal Jnl.-Post Batch";
codeunit;52193431;"HR Appraisal Jnl.-Check Line";
codeunit;52193432;"HR Appraisal Jnl.-Post Line";
codeunit;52193433;"HR Make Appraisal Ledg. Entry";
codeunit;52193434;"HR Appraisal Jnl.-Post";
codeunit;52193435;"HR Leave Year - Close Test";
codeunit;52193436;"HR Leave Year - Close Original";
codeunit;52193437;"Job-Jnl.-B.Post+Print";
codeunit;52193438;"Job-Reg.-Show Ledger";
codeunit;52193439;"Job Create-PO 1";
codeunit;52193440;"HR Leave Year - Close Testing";
codeunit;52193441;WebService;
codeunit;52193442;CalcBudget;
codeunit;52193443;"Register Management";
codeunit;52193444;"Doc-CancelMgt";
codeunit;52193445;"Check Manual Nos";
codeunit;52193446;"BankAlertMgt FP";
codeunit;52193447;"Budget Allocation FP";
codeunit;52193448;"Doc CancelMgt";
codeunit;52193449;"Posting Check FP";
codeunit;52193450;"Budgetary Control";
codeunit;52193451;"Vendor Credit Limit Check";
codeunit;52193452;"Journal Post Successful";
codeunit;52193453;"User Setup Management BR";
codeunit;52193454;"WP Budget Allocation";
codeunit;52193455;"Payment Voucher Apply";
codeunit;52193456;"Receipt Apply";
codeunit;52193457;"Tax Calculation";
codeunit;52193458;"WP Matrix Management";
codeunit;52193459;"Workplan Indent";
codeunit;52193460;"Copy Terminal Docs Mgt";
codeunit;52193767;"Global Functions";
codeunit;70000;"Insurance Notifications";
codeunit;70000046;SelectionFilterManagement46;
codeunit;70000090;"Purch.-Post90";
codeunit;70000364;"PostPurchLines-Delete364";
codeunit;70001252;"Match Bank Rec. Lines1252";
codeunit;70005300;"Outlook Synch. Setup Mgt.5300";
codeunit;70005301;"Outlook Synch. NAV Mgt5301";
codeunit;70005311;"Outlook Synch. Finalize5311";
codeunit;70005813;"Undo Purchase Receipt Line5813";
codeunit;70009520;"Mail Management9520";
codeunit;70112;recruitmentQueries;
enum;50001;"PayChange Source Document";
enum;50002;"Leave Planner Type";
enum;50003;"HR Leave Plan Status";
enumextension;50000;"Customer Apply Calculation Type";
enumextension;50001;"Vendor Apply Calculation Type";
enumextension;50002;"Approval Document Type";
enumextension;50003;"Purchase FA Posting Type";
page;460;"Purchases & Payables Setup";
page;50000;"Bank Acc. Statement Lines";
page;50001;"Items PR Requisitions Portal";
page;50002;"Items SR Requisitions Portal";
page;50003;"Unused Purchase Order";
page;50004;"Store Requisitions Line Portal";
page;50005;"Asset PR Requisition Portal";
page;50006;"Asset PR Requisition Lines Por";
page;50007;"HR Employees Info Changes";
page;50008;"Posted Store Requisition Card";
page;50009;"Posted Store Requisition Lists";
page;50010;"HR Individual Objectives";
page;50011;Attachment;
page;50012;"User Signature";
page;50013;"Purchase Requisition List";
page;50014;"Store Requisition List";
page;50015;"HR Employee Info Changes";
page;50016;"Appraisal Training Development";
page;50017;"HR Criteria Setup";
page;50018;"HR Interpersonal Factors";
page;50019;"HR Attitudes Targets Setup";
page;50020;"HR Organizational Indicators";
page;50021;"HR Comment Lines";
page;50022;HRAttitudesTargetsSetup;
page;50023;"PR Period Transactions";
page;50024;PRPayrollPeriods;
page;50025;PRPeriodTransactionsList;
page;50026;ApprovalEntriesList;
page;50027;"Record Link";
page;50028;HRBackToOfficeReport;
page;50029;"Consolidated HR Leave Planners";
page;50030;"Consolidated Leave Planner";
page;50031;"FA Setup";
page;50032;"HR Training Cost List";
page;50033;"Religion Setup";
page;50034;"Hr Disciplanary Cases Created";
page;50035;"Hr Cases Submitted ";
page;50036;"Hr Emp Qualification Changes";
page;50037;"HR Qualifications Update";
page;50037;"Asset Movement Request Card";
page;50038;"Vehicle Type List";
page;50039;"HR Staff Changes";
page;50040;"Next Of KIn Application";
page;50041;"Hr Staff Changes List";
page;50042;"HR Employees(Deployed)";
page;50043;"HR Employees(P'/Pensionable)";
page;50044;"Hr Employee Registration List";
page;50045;"HR Employee Registration Crd";
page;50046;"Promotion Allowances";
page;50047;"Country Dimensions";
page;50048;"Disciplanary  Commitee Members";
page;50049;"Advertised Requisitions";
page;50050;"NLC Multiplier";
page;50051;"Approved Requisitions";
page;50052;"Departmental Disposal Lists";
page;50053;"Leave Ledger Entries";
page;50054;"Asset Incidence Reporting Card";
page;50055;"Asset Incidence Reporting Line";
page;50056;"Job Applicants Qualifications";
page;50057;"Asset Reporting Line Portal";
page;50058;"Approved Disposal Asset Lines";
page;50059;"Disposal Reasons";
page;50060;"Pending Disposal Asset Lines";
page;50061;"Scoring Template Page";
page;50062;"Scoring Lines";
page;50063;"Scoring List";
page;50064;"Hr Change log values";
page;50065;"Asset Receiving Requisition";
page;50066;"Asset Receiving Lines";
page;50067;"Asset Receiving Lists";
page;50068;"Asset Receiving Line View";
page;50069;"Create Fixed Asset List";
page;50070;"Payroll changes List";
page;50071;"Payrooll Change Crd";
page;50072;"Asset Issue Request Line";
page;50073;"Acceptance Signature";
page;50074;"Hotel Allocation Lines";
page;50075;"Hotel List";
page;50076;"Hotel Card";
page;50077;"Acceptance Signature Store";
page;50078;"Items Requsition Lines";
page;50079;"Items PO Card Portal";
page;50080;"Items PO Lines Portal";
page;50081;"Payroll Changes List Existing";
page;50082;"Character Setup";
page;50083;"Survey Character";
page;50084;"Store requisiton Card NLC";
page;50085;"Acceptance Signature Item";
page;50086;"HR Asset Issue Card";
page;50087;"HR Asset Return List";
page;50088;"HR Asset Return Card";
page;50089;"HR Asset Transfers List";
page;50090;"HR Asset Transfers Card";
page;50091;"Issued Asset Transfer List";
page;50092;"Issued Asset Transfer Card";
page;50093;"Employee Transfer List";
page;50094;"Employee Transfer";
page;50095;"Rejected Asset Transfer List";
page;50096;"Rejected Asset Transfer Card";
page;50097;"Approval Comment Lines";
page;50098;"Asset Actions";
page;50099;"Rejected Disposal Asset Lines";
page;50100;"Monthly salary Scale";
page;50101;"Interview Pannel";
page;50102;"Vehicle Entitlement";
page;50103;"Realsead Stores card";
page;50104;"Store Lines";
page;50105;"Hodling Area";
page;50106;"Holding Lines";
page;50107;"Items List";
page;50108;"Hodling List Area";
page;50109;"HR Asset Transfer List";
page;50110;"Procurement Items Card";
page;50111;"InTangible Fixed Asset Card";
page;50112;"InTangible Fixed Asset List";
page;50113;"Tangible Fixed Asset Card";
page;50114;"Tangible Fixed Asset List";
page;50115;"Sharepoint Information";
page;50116;"Posted Asset Transfer List";
page;50117;"Supplier Categories";
page;50118;"HR Asset Issue Lists";
page;50119;"Departmental Disposal Plans";
page;50120;"Supply Chain Procurement";
page;50121;"Asset Reciving Card";
page;50121;"Items Requisition Lines";
page;50122;"Items Requisitions Lists";
page;50123;"Asset Incidence Reporting List";
page;50124;"Items  Requisition Cards";
page;50125;"Internal memo";
page;50126;"Asset Return Request Lines";
page;50127;"Supplier List";
page;50128;"Asset Allocation Request Lines";
page;50129;"Supplier Card";
page;50130;"Procurement Item List";
page;50131;"Inspection Committee";
page;50132;"Asset Allocation Request Card";
page;50133;"Disposal Plan Table Lines";
page;50134;"Disposal Periods";
page;50135;"Disposal Methods Lists";
page;50136;"Work Experience";
page;50137;"Proffessional Bodies";
page;50138;"Job Monthy Salary";
page;50139;"HR Disciplinary Cases Listpart";
page;50140;"Rejected Goods";
page;50141;"Rejected Holding Goods";
page;50142;"Disposal Plan Lines Portal";
page;50143;"Disposal Plans";
page;50144;"Disposal Plans Card Portal";
page;50145;"Disposal Plans Card View";
page;50146;"Asset Allocation Request List";
page;50147;"Disposal Lists";
page;50148;"Rejected Lines";
page;50149;"Store Reuisition Cr";
page;50150;"Signature Pad";
page;50151;"Returned/Rejcted Items";
page;50152;"Retuened/Rejected List";
page;50153;"Store Requisitions Lists 1";
page;50154;"Make /model";
page;50155;"Asset Receiving Lines1";
page;50156;"Asset Lines";
page;50157;"Asset Return card";
page;50158;"Asset Returning Lists";
page;50159;"Asset Returning Lines";
page;50160;"Asset Card";
page;50161;"Asset Allocation Card";
page;50162;"Asset Allocation Lines";
page;50163;"Asset Allocation LIst";
page;50164;"Maintenance Plan Card";
page;50165;"Maintenance Plan Lines";
page;50166;"Maintenance Plan List";
page;50167;"Actual Maintenance Card";
page;50168;"Actual Maintenance Lines";
page;50169;"Actual Maintenance List";
page;50170;"Asset Incident Card";
page;50171;"Asset Incident Lines";
page;50172;"Asset Incident List";
page;50173;"Asset Repair Card Vehicles";
page;50174;"Asset Repair Lines";
page;50175;"Asset Repair List";
page;50176;"Repair Recommendation Card";
page;50177;"Maintanance Type";
page;50178;"Discipline Document Stage";
page;50180;"Discipline Details";
page;50181;"Discipline Details List";
page;50190;"Discipline Role Center";
page;50191;"Discipline Management Cue";
page;50192;"Discipline Accused Employees";
page;50193;"Discipline Document";
page;50194;"Discipline Document List";
page;50195;"Submitted Discipline Document";
page;50212;"SurCharge Card";
page;50213;"Surcharge List";
page;50214;"Submitted Surcharge List";
page;52193423;"Purchase Requisitions List";
page;52193424;"HR Job Applicants Qualified L";
page;52193425;"HR Job Occupants";
page;52193426;"HR Jobs Card";
page;52193427;"HR Job Responsiblities Lines";
page;52193428;"HR Job Applications Factbox";
page;52193429;"HR Jobs Factbox";
page;52193430;"HR Job Requirements";
page;52193431;"HR Job Responsibilities";
page;52193432;"HR Job Qualifications";
page;52193433;"HR Jobs List";
page;52193434;"HR Job Requirement Lines";
page;52193435;"Employee Referees1";
page;52193436;"HR Promotion Recommend List";
page;52193437;"HR Job Requirement Lines(RO)";
page;52193438;"hr job responsibilities card";
page;52193439;"HR Jobs Training Needs SF";
page;52193441;"HR Job Applications List";
page;52193442;"HR Job Applications Card";
page;52193443;"HR Employee Card (Commissioner";
page;52193444;"HR Employee List (Commisioners";
page;52193445;"HR Employee List (ALL)";
page;52193446;"HR Employee Kin";
page;52193447;"HR Employee Kin SF";
page;52193448;"HR Employee Requisition Card";
page;52193449;"HR Employee Requisitions List";
page;52193450;"HR Employee List -  PR";
page;52193451;"HR Employee Req. Factbox";
page;52193452;"HR Employee Qualifications";
page;52193453;"HR Employee Qualification Line";
page;52193454;"HR Employee Attachments";
page;52193455;"HR Employee Attachments SF";
page;52193456;"HR Employees Factbox";
page;52193457;"HR Employee Card";
page;52193458;"HR Employee Grievance Card";
page;52193459;"HR E-Mail Parameters List";
page;52193460;"HR Employee Course of Study";
page;52193461;"HR Employees Supervisee";
page;52193462;"HR Employee List (ALL)-New";
page;52193463;"HR Leave Carryover Request";
page;52193464;"HR Leave Journal Lines";
page;52193465;"HR Leave Types";
page;52193466;"HR Leave Types Card";
page;52193467;"HR Leave Batches";
page;52193468;"HR Leave Application Card";
page;52193469;"HR Leave Jnl. Template List";
page;52193470;"HR Leave Ledger Entries";
page;52193471;"HR Leave Applicaitons Factbox";
page;52193472;"HR Leave Applications List";
page;52193473;"HR Leave Application Comments";
page;52193474;"HR Leave Family Groups List";
page;52193475;"HR Leave Family Employees List";
page;52193476;"HR Leave Family Groups Card";
page;52193477;"HR Leave Reimbursment Card";
page;52193478;"HR Leave Reimbursment List";
page;52193479;"HR Leave Applications History";
page;52193480;"HR Leave Documents";
page;52193481;"HR Leave Relievers";
page;52193482;"HR Leave Planner Card";
page;52193483;"HR Leave Planner List";
page;52193484;"HR Leave Period List";
page;52193485;"HR Applicant Qualifications";
page;52193486;"HR Applicant Referees";
page;52193487;"HR Applicant Hobbies";
page;52193488;"HR OSSafety Rules Card";
page;52193489;"HR OSSafety Checklist List";
page;52193490;"HR OSInjured Person List";
page;52193491;"HR OSInvestigation List";
page;52193492;"HR OSInvestigation Card";
page;52193493;"HR OSInspection List";
page;52193494;"HR OSInspection Card";
page;52193495;"HR Employee List (ALL)-Pending";
page;52193496;"Separation List";
page;52193497;"Separation Card";
page;52193498;"HR Shortlisting List";
page;52193499;"HR Shortlisting Card";
page;52193500;"HR Shortlisting Lines";
page;52193501;"HR Applicants Qualified Card";
page;52193502;"HR Applicants UnQualified Card";
page;52193503;"HR Applicants UnQualified L";
page;52193504;"HR E-Mail Parameters Card";
page;52193505;"HR Setup";
page;52193506;"HR Lookup Values List";
page;52193507;"HR Lookup Values Card";
page;52193508;"HR Calendar Card";
page;52193509;"HR Non Working Days & Dates";
page;52193510;"HR Calendar Lines";
page;52193511;"HR Committees";
page;52193512;"HR Commitee Members";
page;52193513;"HR OSIncident Card";
page;52193514;"HR OSIncident List";
page;52193515;"HR OSAccident Incident line";
page;52193516;"HR OSAccident List";
page;52193517;"HR OSAccident Card";
page;52193518;"HR OSAccident Line";
page;52193519;"Transfer Schedule List";
page;52193520;"Transfer Schedule Card";
page;52193521;"prPayroll Setup";
page;52193522;"prNHIF SetUp";
page;52193523;"prP.A.Y.E Setup";
page;52193524;"PR Bank Accounts";
page;52193525;"PR Payroll Periods";
page;52193526;"PR Transaction Codes List";
page;52193527;"PR Header Salary Card - ALL";
page;52193528;"PR Salary Information";
page;52193529;"PR Employee Transactions";
page;52193530;"prSalary Ledger";
page;52193531;"prEmployee Banks";
page;52193532;"PR Bank Branches";
page;52193533;"prEmployee History";
page;52193534;"prMassEmployee Trans";
page;52193535;"PR Transaction Code Card";
page;52193536;"prRates & Ceilings";
page;52193537;"prPeriodTransaction List";
page;52193538;"prMassList Transactions";
page;52193539;"prmassList Translines";
page;52193540;"PR Salary Arrears";
page;52193541;"Responsibility Center List BRN";
page;52193542;prPayrollType;
page;52193543;prEmployeePosting;
page;52193544;"prPayroll Role Center";
page;52193545;"prRates & Ceilings List";
page;52193546;"PR Salary List (ALL)";
page;52193547;"Items Requisitions Lists";
page;52193548;"prNSSF List";
page;52193549;"prNSSF Card";
page;52193550;"Base Calendar Changes new";
page;52193551;"Base Calendar Entries SubfrmNe";
page;52193552;"PR Salary Info Casual";
page;52193553;"PR Salary Card Casual";
page;52193554;"PR Salary List (Casuals)";
page;52193555;"PrCasual Payroll Setup";
page;52193556;"prSalary Review Header";
page;52193557;"prSalary Review Lines";
page;52193558;"prSalary Review List";
page;52193559;"prSalary Advance";
page;52193560;"prSalary Advance List";
page;52193561;"prGratuity Approval";
page;52193562;"prGratuity Approval List";
page;52193563;"prBonus Recommendation Header";
page;52193564;"prBonus Recommendation Lines";
page;52193565;"prBonus Recommendation List";
page;52193566;"prSalary Scale";
page;52193567;"Employees Bank List";
page;52193568;"Basic Payroll Role Center";
page;52193569;"Staff Online Users";
page;52193570;"Inactive staff";
page;52193571;"Salary Advance Request Crd";
page;52193572;"Salary Advance Request Lists";
page;52193573;"Salary Advance Line";
page;52193574;"Salary Advance Lists";
page;52193575;"Salary Advance Card";
page;52193576;"Payroll Change Lists Existing";
page;52193577;"Payroll Change Cards Existing";
page;52193578;"Payroll Change Lines New";
page;52193579;"Payroll Change Lists New";
page;52193580;"Payroll Change Cards New";
page;52193581;"HR New Employee Transfer Lines";
page;52193582;"Employee Transfer Allowance";
page;52193583;"Approval Entries Lists";
page;52193584;"HR Employee Infor Change";
page;52193585;"HR Leave Relievers cards";
page;52193586;"HR Training App Lines Cards";
page;52193587;"HR Transport Passengers Cards";
page;52193588;"Online Users Cards";
page;52193589;"Applicant Employment Detail";
page;52193590;"Applicant Employment Profiles";
page;52193591;"Applicant Education Backgroun";
page;52193592;"Applicant Registers";
page;52193593;"Applicant Referee";
page;52193594;"Applicant Relevant Document";
page;52193595;"Employee Requisition Externals";
page;52193596;"Employee Requisition Internals";
page;52193597;"HR Job Qualifications Lists";
page;52193598;"Job Application";
page;52193599;"HR Back To Office Lists";
page;52193600;"Job Requirements";
page;52193601;"Related Job Qualifications";
page;52193602;"Applicant Job Requirements";
page;52193603;"Applicant Related Job Qualify";
page;52193604;"All HR Job Applications List";
page;52193605;"Clearance List HR";
page;52193606;"Separation Card HR";
page;52193607;"Separation List HR";
page;52193608;"Clearance Certificate Card HR";
page;52193609;"Exit Questinnaire Card HR";
page;52193610;"HR Staff Transport  List";
page;52193611;"HR Staff Transport Card";
page;52193612;"HR Training Application Lists";
page;52193613;"HR Training Application Card";
page;52193614;"Hr Back To Office Forms";
page;52193615;"Petty Cash Details";
page;52193616;"Record Link View";
page;52193617;"Store Requisition Line";
page;52193618;"Internal Requisitions";
page;52193619;"Imprest List";
page;52193620;"Imprest Types";
page;52193621;"Procurement Type";
page;52193622;"Expense Code";
page;52193623;"Receipts List";
page;52193624;"Cash Office Setup";
page;52193625;"Cash Office User Template";
page;52193626;"Receipt Types";
page;52193627;"Payment Types";
page;52193628;"Receipt and Payment Types List";
page;52193629;"Tariff Codes";
page;52193630;"Receipt Header";
page;52193631;"Bank & Cash Transfer Request";
page;52193632;"Bank Pay In Slip";
page;52193633;"Released Store Requisitions Li";
page;52193634;"Imprest Surrender";
page;52193635;"Imprest Surrender Details";
page;52193636;"Bank Pay In Slip List";
page;52193637;"Cash Payment Header";
page;52193638;"Cash Payment Lines";
page;52193639;"Receipts Line";
page;52193640;"Payment Header";
page;52193641;"Payment Lines";
page;52193642;"Payment Vouchers List";
page;52193643;"Petty Cash Vouchers List";
page;52193644;"Bank & Cash Transfers List";
page;52193645;"Imprest Vouchers List";
page;52193646;"Imprest Acct. List";
page;52193647;"Store Requisitions List";
page;52193648;Requisitions;
page;52193649;"InterBank Transfers List";
page;52193650;"Bank Pay In Slip Confirmation";
page;52193651;"Bank Pay In Line Confirmation";
page;52193652;"Cash Receipt Header";
page;52193653;"Cash Receipts Line";
page;52193654;"Cash Receipts List";
page;52193655;"Budgetary Control Setup";
page;52193656;"Imprest Details";
page;52193657;"Imprest Request";
page;52193658;"Imprest Details List";
page;52193659;"Responsibility Center Card BR";
page;52193660;"Company Vehicle list";
page;52193661;"Staff Claims";
page;52193662;"Staff Claim Lines";
page;52193663;"Staff Advance Request";
page;52193664;"Staff Advance Lines";
page;52193665;"Staff Advance Surrender";
page;52193666;"Staff Advanc Surrender Details";
page;52193667;"Staff Advance Surrender List";
page;52193668;"Claim Types";
page;52193669;"Advance Types";
page;52193670;"Purchase Requisitions";
page;52193671;"Staff Claims List";
page;52193672;"Staff Advance Request List";
page;52193673;"Central Payments";
page;52193674;"Funds Mgt Comment Sheet";
page;52193675;"Funds Mgt Comment List";
page;52193676;"Close out Header";
page;52193677;"Change General Journal";
page;52193678;"Close out Lines";
page;52193679;"FA Budget Entries";
page;52193680;"itemCash Purchase Header";
page;52193681;"Close out List";
page;52193683;"FA Budget Matrix";
page;52193684;"Fixed Asset Budget";
page;52193685;"Payment Requests List";
page;52193686;"Payment Request Header";
page;52193687;"Payment Request Lines";
page;52193688;"Journal Voucher Card";
page;52193689;"Journal Voucher SubForm";
page;52193690;"Posted Payment Requests List";
page;52193691;"Sales Rep Transfer Order";
page;52193692;"Sales Rep Transfer List";
page;52193693;"Stores Transfer Order";
page;52193694;"Stores Transfer List";
page;52193695;"Released Purchase Requisitions";
page;52193696;"Posted Inspection Receipt";
page;52193697;"Document Cancellation Users";
page;52193698;"Purchase Order List Cancelled";
page;52193699;"PRF Lists";
page;52193700;"Imprest Types List";
page;52193701;"Advance Types List";
page;52193702;"Claim Types List";
page;52193703;"Payment Types Lists";
page;52193704;"Receipt Types List";
page;52193705;"Posted Payment Vouchers List";
page;52193706;"Posted Payment Header";
page;52193707;"Posted Petty Cash Vouchers";
page;52193708;"Posted Cash Payment Header";
page;52193709;"Posted Bank & Cash Transfers";
page;52193710;"Posted Bank & Cash Transfer";
page;52193711;"Posted Imprest Vouchers List";
page;52193712;"Destination Code List";
page;52193713;"Posted Imprest Acct. List";
page;52193714;"Destination Code Card";
page;52193715;"Posted Store Requisitions List";
page;52193716;"Store Requisition Card";
page;52193717;"Posted Purchase Requisitions";
page;52193718;"Released Internal Requisitions";
page;52193719;"Posted Staff Claims List";
page;52193720;"Posted Staff Claims";
page;52193721;"Posted Staff Advance Requests";
page;52193722;"Posted Staff Advance";
page;52193723;"Posted Staff Advance Surrender";
page;52193724;"Posted Staff Advance Account";
page;52193725;"Posted Receipt List";
page;52193726;"Posted Receipt Header";
page;52193727;"Posted Cash Receipts List";
page;52193728;"Posted Cash Receipt Header";
page;52193729;"Journal Voucher List";
page;52193730;"JV Header";
page;52193731;"JV Subform";
page;52193732;"JV List";
page;52193733;"Posted JV List";
page;52193734;"Depreciation Tb Header Output";
page;52193735;"Cash Office No. Series Setup";
page;52193736;"Posted JV Header";
page;52193737;"Sales Invoice - Rich";
page;52193738;"Sales Invoice List - Rich";
page;52193739;"PR Employee Allowances List";
page;52193740;"Released Staff Grants Store Re";
page;52193741;"PR Employee Allowances Card";
page;52193742;"PR Store Requisition";
page;52193743;"Released PR Store Requisition";
page;52193744;"PR Requisitions List";
page;52193745;"Staff Grant Subform";
page;52193746;"By- Product Output Journal";
page;52193747;"Item/Cash Req Page List";
page;52193748;"Item/Cash Requisition Card";
page;52193749;"Item/Cash Invoice";
page;52193750;"Item/Cash Invoices List";
page;52193751;"RFQ Header";
page;52193752;"RFQ Subform";
page;52193753;"RFQ List";
page;52193754;"Quotation Request Vendors";
page;52193755;"Purchase Quote Parameters";
page;52193756;"Destination Rate List";
page;52193757;"Destination Rates Card";
page;52193758;"Closed RFQ Header";
page;52193759;"Closed RFQ List";
page;52193760;"Quote Specifications List";
page;52193761;"Bid Analysis Worksheet";
page;52193762;"Bid Analysis";
page;52193763;"Bid Analysis SubForm";
page;52193764;"HR Employee List (Inactive)";
page;52193765;"HR Shortlisting Filters";
page;52193766;"Acceleration Pool List";
page;52193767;"Acceleration Pool Nom. Card";
page;52193768;"HR Employee Spouse";
page;52193769;"HR Employee In-laws";
page;52193770;"HR Employee Siblings";
page;52193771;"Office Equipments/Machines";
page;52193772;"Employee Referees";
page;52193773;Parents;
page;52193774;"NLC Default";
page;52193776;"Employee Common Activities";
page;52193777;"Payroll Change Card Existing";
page;52193778;"Payroll Change Request Lines";
page;52193779;"Payroll Change List Existing";
page;52193780;"Employee Transfer Allowances";
page;52193781;"Grants Lookup Values List";
page;52193782;"Vendor Category List";
page;52193783;"Vendor Category Card";
page;52193784;"FA WIP Card";
page;52193785;"FA WIP List";
page;52193786;"FA WIP Job Task Lines";
page;52193787;"FA WIP Suggest Lines List";
page;52193788;"Payroll Change List New";
page;52193789;"Payroll Change Card New";
page;52193790;"Investment Card";
page;52193791;"Investment Setup";
page;52193792;"Investment List";
page;52193793;"Investment Companies List";
page;52193794;"Investment Firms Card";
page;52193795;"Investment Types";
page;52193796;Rates;
page;52193797;"Posted Investment List";
page;52193798;"Posted Investment Card";
page;52193799;"Archived Investment List";
page;52193800;"Master Record Creation Card";
page;52193801;"Master Record Creation Lines";
page;52193802;"Master Record Creation List";
page;52193803;"Posted Master Record Card";
page;52193804;"Posted Master Record List";
page;52193805;"Purchase Requisition Card";
page;52193806;"Employee Requisition Internal";
page;52193807;"Employee Requisition External";
page;52193808;"Responsibility Center BR 2";
page;52193809;"HR Leave Relievers card";
page;52193810;"Approval Entries List";
page;52193811;"Online Users Card";
page;52193812;"Employee Separation Card";
page;52193813;"HR Training App Lines Card";
page;52193814;"HR Transport Passengers Card";
page;52193815;"Cash Surrender Lines";
page;52193816;"Concept List";
page;52193817;"Payment Lines grants";
page;52193818;"Payment Header grants";
page;52193819;"Grant Surr List";
page;52193820;"Lab Request Form";
page;52193821;"Project Card";
page;52193822;"Project List";
page;52193823;"Grant Ledger Entries";
page;52193824;"Grant Journal Templates";
page;52193825;"Receipt Header Grants";
page;52193826;"Receipts Line Grants";
page;52193827;"Contract Card";
page;52193828;"Approved Contract Card";
page;52193829;"Contract List";
page;52193830;"Approved Contract List";
page;52193831;"Grant Phase Card New";
page;52193832;"Project/Proposal Area setup";
page;52193833;"Project/Proposal Area";
page;52193834;"Grant Phase Card";
page;52193835;"Grant Phases";
page;52193836;"Grant Surrender";
page;52193837;"Grant Surrender Details";
page;52193838;"Ledger Entry Dimensions";
page;52193839;"Journal Line Dimensions";
page;52193840;"Transport Role Center";
page;52193841;"Grants Manager Activities";
page;52193842;"compliance Manager Role Center";
page;52193843;"compliance Manager Activities";
page;52193844;"Posted Grant Surrender";
page;52193845;"Grant Task Lines";
page;52193846;"Grant Task Card";
page;52193847;"Grant Task List";
page;52193848;"Grant Task Dimensions";
page;52193849;"Grant Planning List";
page;52193850;"Grant WIP Entries";
page;52193851;"Grant WIP G/L Entries";
page;52193852;"Grant Resource Prices";
page;52193853;"Grant Item Prices";
page;52193854;"Grant G/L Account Prices";
page;52193855;"Grant G/L Journal";
page;52193856;"Grant Planning Lines";
page;52193857;"Grant Planning Line Subform";
page;52193858;"Grant Task Statistics";
page;52193859;"Concept Card";
page;52193860;"Proposal Card";
page;52193861;"Approved Proposals Card";
page;52193862;"Approved Concepts";
page;52193863;"Audit Provision";
page;52193864;"Pending donor issues";
page;52193865;"Special Condition for Travel";
page;52193866;"Phase Reporting SchedulesAudit";
page;52193867;"Provision list";
page;52193868;"Reporing Period";
page;52193869;"Project Partners";
page;52193870;"Project Donors";
page;52193871;"Phase Reporting Schedule";
page;52193872;"Project Partners (InE)";
page;52193873;"Project Personnel Cost Alloc";
page;52193874;"Project Roles";
page;52193875;"Budget Grouping Codes";
page;52193876;"Approved Concepts List";
page;52193877;"Donor I/C Account List";
page;52193878;"Proposal List";
page;52193879;"Approved Proposal List";
page;52193880;"Approved Grant List";
page;52193881;"Institutional Departments";
page;52193882;"Grant Clusters";
page;52193883;"Grant Statistics";
page;52193884;"Donors List";
page;52193885;"Donors Card";
page;52193886;"Partners List";
page;52193887;"Partner Card";
page;52193888;"Jobs Card";
page;52193889;"Inspection Lines";
page;52193890;"Inspection List";
page;52193891;"Contract Lines";
page;52193892;Deadlines;
page;52193893;Deliverable;
page;52193894;"Project areas of focus new";
page;52193895;"Ampath Data source forms";
page;52193896;"Lab request form new";
page;52193897;"Compliance main List";
page;52193898;"Compliance journal List";
page;52193899;"Compliance Card";
page;52193900;"Main Sub Components";
page;52193901;"Phase Reporting Schedules";
page;52193902;"PI List";
page;52193903;"Grant Setup";
page;52193904;"Asset Purchase Requisition Lst";
page;52193905;"Asset Purchase Requisition Crd";
page;52193906;"AssetPurchase Requisition Line";
page;52193907;"Workplan List";
page;52193908;"Workplan Activities";
page;52193909;"Vendor Category";
page;52193910;"Workplan Entries";
page;52193911;"Posted Purchase Rcpt. Undo Qty";
page;52193912;"Procurement Limit List";
page;52193913;"Workplan Budget List";
page;52193914;"Workplan Activities Card";
page;52193915;"Converted Workplan Card";
page;52193916;"Proposal Check List";
page;52193917;"Work Plan Budget";
page;52193918;"Budget Workplan";
page;52193919;"Budget Workplan Matrix";
page;52193920;"Budget Workplan Names";
page;52193921;"Procurement Workplan Card";
page;52193922;"Workplan Budget Creation";
page;52193923;"Workplan Activities - Convert";
page;52193924;"Procurement Methods Sub Page";
page;52193925;"Procurement Methods Card";
page;52193926;"Procurement Methods List";
page;52193927;"Tender Plan Header";
page;52193928;"Tender Plan Lines";
page;52193929;"Tender Plan List";
page;52193930;"Vote Transfer";
page;52193931;"Vote Transfer List.";
page;52193932;"Released Purchase Requisition";
page;52193933;"Direct Procurement";
page;52193934;"Low Value Procurement";
page;52193935;"Open Tendering";
page;52193936;"Resrticted Tendering";
page;52193937;"Restricted Tendering List";
page;52193938;"Low Value Procurement List";
page;52193939;"Direct Procurement List";
page;52193940;"Open Tendering List";
page;52193941;"prEmployee Bankss";
page;52193942;"Tender No. Card";
page;52193943;"Purchase Quote Specific Form";
page;52193944;"Inspection Header";
page;52193945;"New study form page";
page;52193946;"Internal Return Header new";
page;52193947;"Internal Return lines new";
page;52193948;"Posted internal return new";
page;52193949;"Internal Return List";
page;52193950;"Canceled Payment Vouchers List";
page;52193951;"Canceled Payment Header";
page;52193952;"Posted Vote Transfer";
page;52193953;"Posted Vote Transfer List.";
page;52193954;"Vendor Appraisal";
page;52193955;"Bidder Card";
page;52193956;"Appraisal Performance";
page;52193957;"Evaluation Criteria Header";
page;52193958;"Evaluation Criteria Line";
page;52193959;"Evaluation Year List";
page;52193960;"Evaluation Year";
page;52193961;"Evaluation Parameter";
page;52193962;"Evaluation Parameters Setup";
page;52193963;"Evaluation Criteria List";
page;52193964;"Vendor Appraisal.";
page;52193965;"Funds Management Activities";
page;52193966;"Funds Management Role Center";
page;52193968;"Supply Chain Mngt. Activities";
page;52193969;"Contract Type";
page;52193970;"Contract Line";
page;52193971;"Contract Lines Type";
page;52193972;"Contracy Cycle";
page;52193973;"Contract Cycle Stage";
page;52193974;"Contracts list";
page;52193975;"Contract Cycle";
page;52193976;"Sales Cycle Stage";
page;52193977;"Contract Lines Types Card";
page;52193978;"Purchase Price Temp List";
page;52193979;"Tender Header Spec List";
page;52193980;"Tender Line Spec List";
page;52193981;Feedback;
page;52193982;"New Tender Items List";
page;52193983;"Tender Setup Card";
page;52193984;"Tender Product List";
page;52193985;"Tender Specification List";
page;52193986;"Tender Card";
page;52193987;"Questionaire List";
page;52193988;"Tender Setup List";
page;52193989;"Tender List";
page;52193990;"Bidder List";
page;52193991;"Bidder Tender List";
page;52193992;"Questionaire Card";
page;52193993;"Banks List";
page;52193994;"Partnership List";
page;52193995;"Bisiness Referee List";
page;52193996;"Contract Cycle Stage List";
page;52193997;Others;
page;52193998;"Applicant Employment Profile";
page;52193999;"Applicant Employment Details";
page;52194000;"Applicant Referees";
page;52194001;"Applicant Relevant Documents1";
page;52194002;"HR Job Qualifications List";
page;52194003;"Applicant Education Background";
page;52194004;"Job Applications";
page;52194005;"Salary Advance Request Card";
page;52194006;"HR Employee Bank Changes";
page;52194007;"HR Employee Bank TransferLine";
page;52194008;"Salary Advance Lines";
page;52194009;"Salary Advance Request List";
page;52194010;"HR Recommendation Lines";
page;52194011;"Employee Separation Lines";
page;52194013;"HR Employee Information Change";
page;52194014;"HR New Recommendation Lines";
page;52194015;"HR New Employee Transfer Line";
page;52194016;"Approved Salary Advance List";
page;52194017;"Approved Salary Advance Card";
page;52194018;"IBT Sub Page List";
page;52194019;"IBT Page Card";
page;52194020;"Contract Expectation Details-L";
page;52194021;"Contract Cycle Activities";
page;52194022;"Cash Purchases Lines";
page;52194023;"IBT Lines";
page;52194024;"Posted IBT Sub Page List";
page;52194025;"Posted IBT Page Card";
page;52194026;"Contracts Details Card";
page;52194027;"Contract Milestone Entries";
page;52194028;"Contract Milestone Entrie List";
page;52194029;"Test 2 List";
page;52194030;"Test List";
page;52194031;"Test 2 Card";
page;52194032;"HR Employee Bank TransfersLine";
page;52194033;"Hr Back To Office Formss";
page;52194034;"Applicants Profile List";
page;52194035;"HR Leave(Pending List)";
page;52194036;"HR Transport Requisition Pass";
page;52194037;"HR Transport Alloc. Factbox";
page;52194038;"HR Transport Requests List";
page;52194039;"HR Transport Allocation";
page;52194040;"HR Staff Transport Requisition";
page;52194041;"HR Transport Requisition List";
page;52194042;"HR Transport Allocations List";
page;52194043;"Exit Questionnaire List";
page;52194044;"Exit Questinnaire Card";
page;52194045;"HR Employee Spouse1";
page;52194046;"HR Employee In-laws1";
page;52194047;"HR Employee Siblings1";
page;52194048;"HR Related Job Qualification";
page;52194049;"HR Emp Transfer Card";
page;52194050;"HR Emp Transfer List";
page;52194053;"HR Asset Transfer Card";
page;52194054;"HR Asset Transfer Lines";
page;52194054;"Asset Issue Request Lines";
page;52194055;"Asset Issue Request Lines";
page;52194056;"HR ApprovedAsset Transfer List";
page;52194057;"HR Approved Asset Transfer";
page;52194058;"HR Trainings Factbox";
page;52194059;"HR Exit Training Bonding Line";
page;52194060;"HR Training Needs Card";
page;52194061;"HR Training Application List";
page;52194062;"HR Training Needs List";
page;52194063;"HR Training Application Header";
page;52194064;"Store Requisition Card View";
page;52194065;"HR Training App. Card - Approv";
page;52194066;"HR Training App List -Approved";
page;52194067;"HR Training Application Lines";
page;52194068;"HR Training Bonding Cond. List";
page;52194069;"HR Disciplinary Cases 2Factbox";
page;52194072;"HR Disciplinary Cases List";
page;52194073;"Approved Store Requisition Cr";
page;52194074;"Asset Purchase Requisition Ls";
page;52194075;"Asset Purchase Requisition Cr";
page;52194076;"AssetPurchase Requisition Lin";
page;52194077;"HR Medical Claims List";
page;52194078;"HR Medical Scheme Members Card";
page;52194079;"HR Employee Exit Interviews";
page;52194080;"HR Successor";
page;52194081;"HR Succession Comments";
page;52194082;"HR Succession Gaps";
page;52194083;"HR Succession Planning";
page;52194084;"Appraisal List0";
page;52194085;"HR Medical Overexpenditure";
page;52194086;"HR Appraissal Appeal";
page;52194087;"HR Professional bodies";
page;52194088;"HR Promotion Recommendation Ls";
page;52194089;"HR Promotion Recommendation";
page;52194090;"HR Jobs to Succeed list";
page;52194091;"HR Succession Details";
page;52194092;"HR Employee confirmation";
page;52194093;"HR Appraisal Eval Areas - ES";
page;52194094;"HR Appraisal Eval Areas - PE";
page;52194095;"HR Appraisal Eval Areas - ExS";
page;52194096;"HR 360 Appraisals List - TS";
page;52194097;"HR Appraisal Eval Areas - JS";
page;52194098;"HR 360 Appraisals List - TA";
page;52194099;"HR 360 Appraisals List - EV";
page;52194100;"HR 360 Appraisal Card";
page;52194101;"HR 360 Appraisal Lines - PG";
page;52194102;"HR 360 Appraisal Lines - JS";
page;52194103;"HR 360 Appraisal Lines - ES";
page;52194104;"HR Employee Transfer Line";
page;52194105;"HR Master Record Creation Line";
page;52194106;"HR Master Record Creation List";
page;52194107;"HR Master Record Creation Card";
page;52194108;"HR Individual BSC List";
page;52194109;"HR Company Targets Header";
page;52194110;"HR Company Target Line";
page;52194111;"HR BSC Appraisal Header";
page;52194112;"HR BSC Appraisal Header Posted";
page;52194113;"HR Service BSC Lines";
page;52194114;"HR Financial BSC Lines";
page;52194115;"HR Customer BSC Lines";
page;52194116;"HR Training Target Lines";
page;52194117;"HR Appraisal Period Setup";
page;52194118;"HR BSC List";
page;52194119;"HR Employment History";
page;52194120;"HR Employment History Lines";
page;52194121;"HR Appraisal Batches";
page;52194122;"HR Appraisal Jnl. Template";
page;52194123;"HR Professional Body Lines";
page;52194125;"HR Company Attachments";
page;52194126;"HR Job Interview";
page;52194127;"HR Interview Card";
page;52194128;"HR Interview Candidates List";
page;52194129;"HR Job Interview Factbo";
page;52194130;"HR Hiring Criteria";
page;52194131;"HR Job Applicants Qualified Ca";
page;52194132;"HR Induction Schedule List";
page;52194133;"HR Induction Participants List";
page;52194134;"HR Induction Schedule Card";
page;52194135;"HR Job Applicants Uploaded";
page;52194136;"HR Dept. Responsiblities Lines";
page;52194137;"HR Employee Confirmation List";
page;52194138;"HR Calendar List";
page;52194139;"Company Vehicles list";
page;52194140;"HR Company Activities Card";
page;52194141;"Company Vehicles Card";
page;52194142;"HR Company Activities List";
page;52194143;"HR Company Activities Factbox";
page;52194144;"HR Activity Participants SF";
page;52194145;"HR Employee Separation";
page;52194146;"HR Appraissal Appeal list";
page;52194147;"HR Jobs to succeed Card";
page;52194148;"HR Emp Training App. Header";
page;52194149;"HR Emp Training Appl. Req List";
page;52194150;"HR Succession Details list";
page;52194151;"HR Disciplinary Case Card NCA";
page;52194152;"HR Disciplinary Cases List NCA";
page;52194153;"HR Shortlisting Panel";
page;52194154;"HR Employee Cue";
page;52194155;"Store RequisitionLine";
page;52194156;"Posted Store Requisitions Ls";
page;52194157;"Store Requisition Cards";
page;52194158;"Employee Payroll Changes View";
page;52194159;"Historical  Bank Accounts List";
page;52194160;"Historical Employee Changes";
page;52194161;"Employee Status InActivation";
page;52194162;"Employee Status Activation";
page;52194163;"Employee Status Active Lines";
page;52194164;"HR Employee Card Changes View";
page;52194165;"HR Emp Transfer Card View";
page;52194166;"Employee Status Activa View";
page;52194167;"Store Requisitions Lists";
page;52194168;"Purchase Requisitions Lists";
page;52194169;"Purchase Requisition Cards";
page;52194170;"Purchase Requisition Lines";
page;52194171;"PR Email Status";
page;52194172;"Released Store Requisitions Ls";
page;52194173;"HR Bank Accounts List";
page;52194175;"Employee Exit Interview list";
page;52194176;"HR Disciplinary Cases Factbox";
page;52194177;"HR  App Qualified Applicants";
page;52194178;"Emp. Appraisal Training Needs";
page;52194179;"HR Emp Details Change Request";
page;52194180;"HR Employee Separation List";
page;52194181;"HR Employee Competence List";
page;52194182;"HR Employee List (Contract)";
page;52194183;"Clearance Certificate Card";
page;52194184;"Clearance List";
page;52194185;"Purchase Req Card View";
page;52194186;"Succession List";
page;52194187;Parents1;
page;52194188;"PR Salary List - Permanent";
page;52194189;"PR Salary List - Secondary";
page;52194190;"PR Salary List - Board";
page;52194191;"PR Salary List - Casuals";
page;52194192;"PR Salary Arrears2";
page;52194193;"HR Employee List (Casuals)";
page;52194196;"HR Role Centre (HR ALL)";
page;52194201;"Appraisal List";
page;52194202;"PR Trans Codes Groups - Card";
page;52194203;"PR Trans Codes Groups - List";
page;52194204;"PR Employee Salary Rates List";
page;52194205;"PR Employee Salary Rates Card";
page;52194206;"HR Employee List - Changes";
page;52194207;"HR Employee Card - Changes";
page;52194231;"Passenger Request List";
page;52194232;"Training Needs Appraisal";
page;52194233;HRObjectivesTargets;
page;52194234;"HR Employee List ALL";
page;52194235;"Applicants Registers";
page;52194236;"Payroll Change Lines Existing";
page;52194240;"Disposed Disposal Asset Lines";
page;52194241;"Payroll Request Lines";
page;52194242;Attachments1;
page;52194243;"HR Overall Comments";
page;52194244;"HR Transport Req Allocation";
page;52194245;"HR Officers";
page;52194250;"Internal Memo Requisitions";
page;52194251;"Internal Memo Cards";
page;52194252;"Ticket Memo Requisition Line";
page;52194253;"Hotel Memo Requisition Line";
page;52194255;"Web Ticket Requisition Line";
page;52194256;"Web Hotel Requisition Line";
page;56046;"Case Year Setups";
page;56096;"Case Register List";
page;56097;"New Case Register List";
page;56098;"Case Register Card";
page;56099;"Case Hearing List";
page;56100;"Case Hearing Card";
page;56101;Plaintives;
page;56102;Defendants;
page;56103;"Nature of Cases";
page;56104;"Case Types";
page;56105;"Case Advocates";
page;56106;"Case Hearings";
page;56107;"Case Plantiffs";
page;56108;"Case Defandants";
page;56109;"Close Case Registers";
page;56110;"Confirm Verdict";
page;56111;"Plaintiffs All";
page;56112;"Defendants All";
page;56113;"Case Plaintiff All Card";
page;56114;"Case Defendants All Card";
page;56123;"Case Witnesses";
page;56124;"Case Mentions";
page;56125;"Case Judges";
page;56126;"Court Houses";
page;56222;"Advocate on record list";
page;60001;"Assign Permissions To Role";
page;60002;"Code Coverage Code";
page;65116;"Financial Year Code";
page;65179;"Recruitment Role center";
page;69022;"Salary Scale List";
page;69023;"Salary pointers";
page;69024;"Scale Benefits";
page;69056;"Hardship Allowance Setup";
page;69077;"HR Manager Activities";
page;69172;"Approved Overtime List";
page;69173;"Overtime Header Page";
page;69174;"Overtime Lines";
page;69175;"Overtime List";
page;69176;"Overtime Subpage";
page;69179;"Disciplinary Actions";
page;69180;"Disciplinary Cases";
page;69181;"Employee Discplinary Documents";
page;69200;"HR Disciplinary Cases";
page;69201;"HR Models List";
page;69202;"HR Models Card";
page;69203;"HR Disciplinary Cases SF";
page;69204;"HR Model Factbox";
page;69205;"Hr Discplinary List";
page;69230;"Leave Planner Lines";
page;69231;"Leave Planner Card";
page;69232;"Leave Planner List";
page;69287;"Hr New Discplinary List";
page;69288;"Employee Disciplinary Status.";
page;69289;"Hr Case Witness";
page;69297;"Hr Sub Discplinary List";
page;69298;"Hr Cld Discplinary List";
page;69299;"Hr Apld Discplinary List";
page;69300;"Disciplinary Committe";
page;69301;"Disciplinary Commite Card";
page;69302;"Disciplinary Committe Members";
page;69303;"Disciplinary Status";
page;69392;"Transfer Reasons";
page;69569;"Closed Transfers Card";
page;69570;"Approved Transfer Requests";
page;69616;"Duty Station";
page;69619;"Recruitment Reasons";
page;69620;"Recruitment Plans";
page;69621;"Recruitment Plan";
page;69622;"Recruitment Principle";
page;69623;"Recruitment Plan Position";
page;69624;"Recruitment Planning Line";
page;69625;"Domain Area";
page;69626;"Recruitment Requisitions";
page;69627;"Recruitment Requisition";
page;69628;"Recruitment Work Condition";
page;69629;"Vacancies";
page;69630;"Vacancy";
page;69631;"Vacancy Work Condition";
page;69632;"Requisition Requirements";
page;69633;"Requisition Responsibilities";
page;69634;"Requisition Substitutes";
page;69635;"Vacancy Requirements";
page;69636;"Vacancy Responsibilities";
page;69637;"Vacancy Substitutes";
page;69654;"Commitee Types";
page;69655;"Commitee Composition";
page;69656;"Commitee Function";
page;69657;"Commitee Guidelines";
page;69658;"Commitee Appointment Vouchers";
page;69659;"Committe Appointment Lines";
page;69660;"Commitee Termination Vouchers";
page;69661;"Committe Termination Lines";
page;69662;"Commitee Appointment Voucher";
page;69663;"Commitee Termination Voucher";
page;69664;"Commitee Type";
page;69700;"HR Appraisal Comments";
page;69830;"Disciplinary Bodies";
page;69831;"Mode of Lodging Case";
page;69834;"Management Employee Transfers";
page;69836;"Management Employee Transfer";
page;69837;"Employee Promotion Card";
page;69838;"Promotion List";
page;69839;"Acting Position Card";
page;69840;"Acting Duties List";
page;69841;"Approved Promotions";
page;69842;"Approved Acting Positions";
page;69843;"Rejected Promotion List";
page;69844;"Rejected Acting Positions";
page;69845;"Employee Mobility Role center";
page;69853;"Employee  Transfer History";
page;69854;"Transfers Awaiting HOS";
page;69855;"Awaiting HOS Action";
page;69856;"Closed Employee Transfers";
page;70000;"Data Movement";
page;70002;"Object Renumbering Tool";
page;70003;"Permission Virtual Table";
page;70004;"Object Virtual Table";
page;70005;"Object Renumbering Setup";
page;70006;"Object Metadata";
page;70009;"Key Virtual Table";
page;70010;"Field Virtual Table";
page;70016;"Permission Range";
page;70020;"Appealed Case Register List";
page;70021;"HR Committee Appointment List";
page;70022;"HR Committee Appointment";
page;81283;"HR Activities Cue";
pageextension;50001;"My Settings";
pageextension;50002;Roles;
pageextension;50003;"Human Resources Setup";
pageextension;50004;"Dimension Value List";
pageextension;50005;"Vendor Lookup";
pageextension;50101;"Company Information";
pageextension;50102;"Chart of Accounts";
pageextension;50103;"G/L Account Card";
pageextension;50104;"G/L Account List";
pageextension;50105;"Customer Card";
pageextension;50106;"Customer List";
pageextension;50107;"Vendor Card";
pageextension;50108;"Vendor List";
pageextension;50109;"Item Card";
pageextension;50110;"Item List";
pageextension;50111;"Item Ledger Entries";
pageextension;50112;"General Journal";
pageextension;50113;"Purchase Order";
pageextension;50114;"Purchase Invoice";
pageextension;50115;"Purchase List";
pageextension;50116;"Purchase Order Subform";
pageextension;50117;"Purch. Invoice Subform";
pageextension;50118;"Job List";
pageextension;50119;"Purchase Quote Subform";
pageextension;50120;"General Ledger Setup";
pageextension;50121;"User Setup";
pageextension;50122;"G/L Budget Names";
pageextension;50123;"Posted Purchase Receipt";
pageextension;50124;"Posted Purchase Rcpt. Subform";
pageextension;50125;"Posted Purchase Receipts";
pageextension;50126;"Apply Customer Entries";
pageextension;50127;"Apply Vendor Entries";
pageextension;50128;"General Journal Batches";
pageextension;50129;"Check Availability";
pageextension;50130;"Bank Account Card";
pageextension;50131;"Bank Account List";
pageextension;50132;"Bank Acc. Reconciliation";
pageextension;50133;"Bank Acc. Reconciliation Lines";
pageextension;50134;"Apply Bank Acc. Ledger Entries";
pageextension;50135;"Bank Account Statement";
pageextension;50136;"Bank Account Statement Lines";
pageextension;50137;"No. Series Lines";
pageextension;50138;"Purchases & Payables Setup";
pageextension;50139;"Inventory Setup";
pageextension;50140;"Purchase Lines";
pageextension;50141;Dimensions;
pageextension;50142;"Dimension Values";
pageextension;50143;"Default Dimensions-Multiple";
pageextension;50144;"Change Log Setup";
pageextension;50145;"Change Log Entries";
pageextension;50146;"Approval Setup";
pageextension;50147;"Approval Entries";
pageextension;50148;"Approval Comments";
pageextension;50149;"Approval User Setup";
pageextension;50150;"Additional Approvers";
pageextension;50151;"Approval Templates";
pageextension;50152;"Job Task Lines";
pageextension;50153;"Mini Customer Card";
pageextension;50154;"Fixed Asset Card";
pageextension;50155;"Fixed Asset List";
pageextension;50156;"Fixed Asset Setup";
pageextension;50157;"Location Card";
pageextension;50158;"Purchase Budget Overview";
pageextension;50159;"Accounting Manager Role Center";
pageextension;50160;"Sales Manager Role Center";
pageextension;50161;"Purchasing Agent Role Center";
pageextension;50162;"Small Business Owner RC";
pageextension;50163;"User Settings List";
pageextension;50164;"User Card";
pageextension;50165;"User Permission Sets";
pageextension;50166;"Requests to Approve";
permissionset;50000;GreenCom;
query;50000;"Country_Region";
query;50001;"HR Lookup Values";
query;50002;"HR Job Qualifications";
query;50003;"Applicant Profiles";
query;50004;"Applicant Employment Details";
query;50005;"Applicant Relevant Documents";
report;50000;"HR Employee Beneficiaries";
report;50001;"HR Employee Qualifications N";
report;50002;"HR Employee Employment History";
report;50003;"Annual Leave Plan Report";
report;50004;"HR Employee Office Equipment";
report;50005;"HR Employee Competence";
report;50006;"HR Employee Referees";
report;50007;"HR Employee Status";
report;50008;"HR Retirement Report2";
report;50009;"Leave Plan";
report;50010;Nonworkingdays;
report;50011;"Item List with Dimensions";
report;50012;"PR Payroll Variance NLC";
report;50013;"PR Variance Report NLC";
report;50014;"NLC STAFF VARIANCE";
report;50015;"Salary Advance";
report;50016;"Salary Advance NLC";
report;50017;"Incremental Report";
report;50018;"Commuter/House/Bpay Allowances";
report;50019;"Commuter/Bpay";
report;50020;"Fixed assets dimensions";
report;50021;"Imprest Requisition";
report;50022;"Payment Voucher NCA";
report;50023;"Petty Cash Voucher NCA";
report;50024;"Imprest Requisition NCA";
report;50025;"Imprest Surrender NCA";
report;50026;"Petty Cash Requisition NCA";
report;50027;"Petty Cash Surrender";
report;50028;"HR Transfer Report";
report;50029;"Acting Appointment";
report;50030;"Promotion Report";
report;50031;"Training Applications";
report;50032;"Staff Needs From PMS";
report;50033;"Clearance Certificate";
report;50034;"Basic Salary";
report;50035;"User Permissionsx";
report;50036;"Job Applications Report";
report;50037;"test recruitment1";
report;50038;"test recruitment12cak";
report;50039;Interdiction;
report;50040;"PR Comparison Report";
report;50041;"PR Trans  Variance Analysiss1";
report;50042;"Process Contracts";
report;50043;"Transfer Letter Report";
report;50044;"Promotion Letter ";
report;50045;"Bank Report";
report;50046;"Renaming Jobs on Employees";
report;50047;"Renaming two";
report;50048;"Salary Advance Report";
report;50049;"Vehicle Movement";
report;50050;"Individua Comparison Report";
report;50051;"Training Needs Assessment";
report;50052;"Update Transactions for Leave";
report;50053;"Receipt Voucher S11";
report;50054;"PR Payroll Summary -  Muster";
report;50055;"PR Payroll Summary -  Muster2";
report;50056;"Receipt1 Voucher S11";
report;50057;"Stores Ledger & Stock Control";
report;50058;"Hr Empyee Requisitions";
report;50059;"Applicant Detail Report";
report;50060;"Applicant Detail Report1";
report;50061;"S3";
report;50062;"Building Register";
report;50063;"Assets S11";
report;50063;"Hr Assets S11";
report;50064;"Land Register";
report;50065;"Motor Vehicle Registers";
report;50066;"Office Equipment Registers";
report;50067;"ICT Computer Register";
report;50068;"Furniture & Fitting Registers";
report;50069;"Asset Movement Form";
report;50070;"Asset Transfer Form";
report;50071;"Asset HandOver Form";
report;50072;"Updat HomCounty";
report;50073;"Asset S3 Report";
report;50078;"Retirement Report";
report;50080;"Delivery Note";
report;50081;"Store Requisitions";
report;50082;"Purchase Requisitions";
report;50083;"Goods Received Note";
report;50084;"Stock Quantities";
report;50086;"Inspection & Acceptance Cert";
report;50087;"Dep Consumption Report";
report;50088;"Consumption Trend Analysis";
report;50089;"Internal Memo Requisitions";
report;50090;"Fixed Asset Modify";
report;50091;"Fixed Asset Movement Analysis";
report;50119;deleteworkflowevents;
report;50143;"Counter Receipt Voucher (S13)";
report;52193423;"HR Jobs";
report;52193424;"HR Job Occupants";
report;52193425;"HR Jobs (Vacant)";
report;52193426;"HR Jobs (Occupied)";
report;52193427;"HR Job Responsibilities";
report;52193428;"HR Jobs(Conclusive)";
report;52193429;"HR Job Applications";
report;52193430;"HR Applicant CV";
report;52193431;"Staff Training Request Form";
report;52193432;"PR Company Totals";
report;52193433;"HR Training Needs";
report;52193434;"Exit Questionnaire";
report;52193435;"Leave Carry Forward";
report;52193436;"New study informationfinal rep";
report;52193437;"HR Employee List";
report;52193438;"HR Employees Statistics";
report;52193439;"HR Leave Adjustment";
report;52193440;"Appraisal Report OLD";
report;52193441;"Trainning Application List";
report;52193442;"Appraisal List Report";
report;52193443;"HR Employee Qualifications";
report;52193444;"HR Employment History";
report;52193445;"Change Approved Leave Apps";
report;52193446;"Appraisal Report NEW";
report;52193447;"HR Applicant to Employee";
report;52193448;Appraisal;
report;52193449;"HR Disciplinary Cases";
report;52193450;"HR Transport Allocations";
report;52193451;"HR Transport Requisitions";
report;52193452;"HR Applicant CV 2";
report;52193453;"HR Training Needs1";
report;52193454;"HR Training Applications";
report;52193455;"HR Training Suggest Participan";
report;52193456;"PR Bank Payments";
report;52193457;"OSInvestigation Observation";
report;52193458;"Employee Confirmation Report";
report;52193459;"Professional Body Report";
report;52193460;"Worksheet Succession Planning";
report;52193461;"HR Create Leave Year";
report;52193462;OSIncident;
report;52193463;"OSSafety Checklist";
report;52193464;"Victims on Incident List";
report;52193465;"PR P10C";
report;52193466;P10A;
report;52193467;"PR P10D";
report;52193468;"PR P10B";
report;52193469;"PR Individual Payslip";
report;52193470;"PR Other PR Customers (Matrix)";
report;52193471;"PR Payroll Summary - Listing";
report;52193472;"PR E-Mail Individual Payslip";
report;52193473;"PR Individual Payslip Portal";
report;52193474;"PR P9";
report;52193475;"PR P9 Report";
report;52193476;"PAYE Report";
report;52193477;"Disciplinary Cases";
report;52193478;"HR Separation Report";
report;52193479;"Company Totals Deductions";
report;52193480;"Bank Total NetPay";
report;52193481;nlc;
report;52193482;"HR Leave Statement1";
report;52193483;"HR Leave Balance1";
report;52193484;"Appraisal Report NEW1";
report;52193485;"HR Job Applicantions - Long L";
report;52193486;"HR Job Applications - Shortli";
report;52193487;"Unqualified Applicants";
report;52193488;"Exit questionnaire report1";
report;52193489;"Clearance List1";
report;52193490;"Jobs To Succeed List";
report;52193491;"Succession Details";
report;52193492;"Succession List Report";
report;52193493;"Group Transport  Requests";
report;52193494;CreateCalendar;
report;52193495;"PR Individual Payslip Tests";
report;52193496;"Employer Comparisons Report";
report;52193497;"Employer Contributions Report";
report;52193498;"Employer Deductions Report";
report;52193499;"PR P9 Client";
report;52193500;"PR Company Totals-No Round Off";
report;52193501;"PR Emp Trans  Variance1";
report;52193502;"PR Payroll Summary-Group Codes";
report;52193503;"prAllowances Report";
report;52193504;"prDeductions Report";
report;52193505;prNSSF;
report;52193506;prGrossNetPay;
report;52193507;"prStaff Pension Contrib";
report;52193508;"prPaye Schedule 2";
report;52193509;"PrPay Change View";
report;52193510;prNHIF;
report;52193511;"PrPay Change";
report;52193512;"prDeductions Report2";
report;52193513;prEmployeeAdvupdates;
report;52193514;"prCompany PayslipTEST";
report;52193515;"prCoop remmitance";
report;52193516;prPaySlip2;
report;52193517;"prEmployeeTransation ads";
report;52193518;"prPayrollSummary List";
report;52193519;"prBank Payments";
report;52193520;"prOther Payments";
report;52193521;prBasicPayListing;
report;52193522;"Employee Pay Element Summary";
report;52193523;"Other Deductions";
report;52193524;"PR Individua Comparison Report";
report;52193525;"P.10 A 2";
report;52193526;"prSalary Arrears Report";
report;52193527;"prStaff Pension Balance";
report;52193528;"prSalary Advise Slip";
report;52193529;"prLoan Payment History";
report;52193530;"PR Payroll Summary";
report;52193531;"PR Transfer To Journal";
report;52193532;"Negative Pay List";
report;52193533;"Payroll Summary";
report;52193534;"Bank Payment Schedule";
report;52193535;prP9A;
report;52193536;"Transactions - Detailed";
report;52193537;"prPaySlip2 Casual";
report;52193538;P10;
report;52193539;"prMonthly Variance2";
report;52193540;"prAllowances_Deductions";
report;52193541;"pr1/3 Basic Pay";
report;52193542;"prMonthly Variance";
report;52193543;"Contract Expiry report";
report;52193544;"HR Employees Appraisal Report";
report;52193545;"Recruitment Details";
report;52193546;"Hr Retirement Report";
report;52193547;"PR Trans  Variance Analysis-3";
report;52193548;"PR Employee Salary Increments";
report;52193549;"Salary ammendement Report";
report;52193550;"PR Trans  Variance Analysis";
report;52193551;priTax;
report;52193552;"priTax-Disabled";
report;52193553;"PR P.A.Y.E Schedule";
report;52193554;"prDeductions Report new";
report;52193555;"PR Payroll Summary - Grouped";
report;52193556;"PR Bank Summary";
report;52193557;Helb;
report;52193558;"Muster Summary";
report;52193559;"Employee Report";
report;52193560;"Company Totals";
report;52193561;"SRBS_Pension Contribution";
report;52193562;SRBS;
report;52193563;"transfer data";
report;52193564;"Employee Grades3";
report;52193565;"Employee Grades Count";
report;52193567;"Seconded/Contract Report1";
report;52193568;"Gender Report1";
report;52193569;"Company Vehicles";
report;52193570;"Appraisal List Report1";
report;52193571;"HR Training Application Repor";
report;52193572;"Training Application List1";
report;52193573;"Training Application List2";
report;52193574;"Helb 1";
report;52193575;SRBS33;
report;52193576;"User Permi";
report;52193577;"Staff Negative Pay";
report;52193578;"1/3 Basic Payroll Rule";
report;52193579;"PR Trans  Variance Analysis-2";
report;52193580;"HR Training Application Report";
report;52193581;"prDeductions Report new1";
report;52193582;"prDeductions Report22";
report;52193584;Analysis;
report;52193585;"PR Trans  Variance Analysis-21";
report;52193586;"PR P.A.Y.E Schedule1";
report;52193587;"PR Trans  Variance Analysis1";
report;52193588;priTax1;
report;52193589;"priTax-Disabled1";
report;52193590;"Muster Summary1";
report;52193591;"PR Trans  Variance Analysis-22";
report;52193592;"HR Leave Applications List";
report;52193593;"HR Leave Balance";
report;52193594;"Salary ammendement Report1";
report;52193595;"HR Job Applicantions - Long Li";
report;52193596;"Job applicants-Reason";
report;52193597;Shortlisted;
report;52193598;"HR Recruitment - Long List";
report;52193599;"HR Job Applications - Shortlis";
report;52193600;"HR Job Applications -NShortlis";
report;52193601;"PR Bank Summary1";
report;52193602;"Exit questionnaire report";
report;52193603;"Clearance List";
report;52193604;Helb2;
report;52193605;Helb1;
report;52193606;"Reconciliations - Summary";
report;52193607;"Reconciliation - By Entry/Exit";
report;52193608;"Reconciliations - Summary Ch";
report;52193609;"Employee Grades";
report;52193610;"Leave Bal";
report;52193611;"NISTF Schedule";
report;52193612;"Transfer to new Codes";
report;52193613;"Validate Employee Period";
report;52193614;"Mark Employee as Discharged";
report;52193615;"Bank Advise Summary";
report;52193616;"Pension Advice Summary";
report;52193617;"Clear Weekend OT";
report;52193618;"Up-Process Variations";
report;52193619;"Clear Old Code Variations";
report;52193620;"HR Employee Bio Data";
report;52193621;"Mark as PAYS PAYE";
report;52193622;"Update Employee PAYE";
report;52193623;"NHF Schedule";
report;52193624;"Gross Reconcilliation";
report;52193625;"Service Charge Invoices";
report;52193626;"Period Trans without Employee";
report;52193627;"Generate 13th Month";
report;52193628;"prPaySlip for Exited Staff";
report;52193629;"Staff Age Report";
report;52193630;"HR Leave Statement";
report;52193631;"PR Employee Salary Increments1";
report;52193632;"PR Payroll Summary - Grouped1";
report;52193633;"Acceleration Pool Nomination";
report;52193634;"PR iTax";
report;52193635;"Training Application List";
report;52193636;"PR iTax Report";
report;52193637;"Employee Report1";
report;52193638;valki;
report;52193639;prPayrollSummary4;
report;52193640;prPayrollSummary5;
report;52193641;prPayrollSummary6;
report;52193642;"Payroll comparison";
report;52193643;"project Summary Sheet";
report;52193644;"Project  list";
report;52193645;"Grant  list";
report;52193646;"Grant budget";
report;52193647;"Proposal Route sheetx";
report;52193648;"Employee Grades2";
report;52193649;"Lab request form";
report;52193650;"Project Analysis";
report;52193651;"Counter Requisition Form";
report;52193652;"Purchase Requisition Formx";
report;52193653;"Local Service Orderx";
report;52193654;"Receipt Voucher";
report;52193655;"Proposal Route sheet";
report;52193656;"Gate pass TRNSFR_ORD";
report;52193657;"Gate Pass SREQ";
report;52193658;"Stock ledger and Control cardx";
report;52193659;"Close out Checklist";
report;52193660;pv;
report;52193661;"Counter Requisition";
report;52193662;"Seconded/Contract Report";
report;52193663;"Gender Report";
report;52193664;"PR Emp Trans  Variance";
report;52193665;"Posted Staff Advance Surrender";
report;52193666;"Staff Advance Voucher";
report;52193667;"Staff Claims Voucher";
report;52193668;Receipt;
report;52193669;"Payment Voucher";
report;52193670;"Imprest Voucher";
report;52193671;"Posted Imprest Surrender";
report;52193672;"Store Requisition";
report;52193673;"Interbank Details";
report;52193674;"Daily Cashier Summary";
report;52193675;"Daily Cashier Summary 2";
report;52193676;"IOU - Detail Trial Bal.";
report;52193677;"IOU - Outstanding Detail TB";
report;52193678;"Outstanding IOU Report";
report;52193679;"Cash Payment Vouchers";
report;52193680;"Staff Grant Requisition";
report;52193681;"Update Central Payment";
report;52193682;"Bank Payments Report";
report;52193683;"Bank Payment Mode";
report;52193684;"Capex Requisition";
report;52193685;"Payment Request";
report;52193686;"GL Entry Modify";
report;52193687;"Modify Item Ledger";
report;52193688;"New Cash Payment Voucher";
report;52193689;"Adjust Bank Ledger To Open";
report;52193690;"Sample Format Long List";
report;52193691;"New Staff Advance Voucher";
report;52193693;"Convert WIP to FA";
report;52193694;"RFQ Report";
report;52193695;"Purchase Quote Request Report";
report;52193696;"Purchase Requisition";
report;52193697;"Quotation Analysis";
report;52193698;"Request Quotation Analysis";
report;52193699;"Quotation Analysis Weighing";
report;52193700;"Procurement Requisition";
report;52193701;"P Requisition";
report;52193702;"Vendor Appraisal";
report;52193703;"JV Header";
report;52193704;"Sales Rep Transfer Order mod";
report;52193705;"Prod. Order - Shortage List2";
report;52193706;"Cheque Confirmation";
report;52193707;"Posted Cheque Confirmation";
report;52193708;"Bank Acc. Recon. - Test new";
report;52193709;"Jobs Applicant Qualification";
report;52193710;"Purchase Requisition Form";
report;52193711;"Local Service Order";
report;52193712;"Stock ledger and Control card";
report;52193713;"W/P Export Budget to Excel";
report;52193714;"W/P Convert Workplan to Budget";
report;52193715;"W/P Report";
report;52193716;"UNIT OF MEASURE TRANS";
report;52193717;"Purchase Order End";
report;52193718;"Purchase Order 4";
report;52193719;"Transfer Order mod";
report;52193720;"Purchase Receipt Blank";
report;52193721;"Purchase - Invoice Mod";
report;52193722;"Store Transfer Order";
report;52193723;"Transfer Item Budget to G/L";
report;52193724;"Bid Analysis";
report;52193725;"Expire LPOs";
report;52193726;"Result Analysis Award Final";
report;52193727;"Bidder Tender";
report;52193728;"Purchased Tenders";
report;52193729;"Item Tendered Per Supplier";
report;52193730;"Tender Plan";
report;52193731;"Company Totals1";
report;52193732;"Test 3 Report";
report;52193733;Test;
report;52193734;"Test 2 Report";
report;52193735;"Update Insurance Relief NHIF";
report;52193736;"By Products PAYE";
report;52193737;"Pension Voluntary Contribution";
report;52193738;"Staff Data";
report;52193739;"HR Job Applications Modify";
report;52193740;"By Products NITA";
report;52193741;"By Products Housing Levy";
report;52193742;"Modify P9 Info Table";
report;52193743;"Housing Levy";
report;52193749;"Asset Barcode report Generator";
report;52193750;"Fixed Asset - Registers";
report;55000;"HR Employee Qualifications 2";
report;55002;"HR Employeeq";
report;60000;"Generate Role Data";
report;69105;"Vacancy Requisition Report";
report;69556;"Employee Transfer Letter";
report;69605;Vacancy;
report;69616;"Vacancy Announcement Summary";
report;69700;"Employee Transfer Report";
report;69702;"Employee Transfer History";
report;70000;"HR Applicant CV CAK";
report;70001;"Discipline Application Report";
report;70002;"Discipline Register";
report;70003;"Show Cause Letter";
report;70004;"Statement of Charge";
table;50000;"Bank Acc. Statement Line";
table;50001;"Attachment Types";
table;50002;Attachments;
table;50003;"Employee Attachments";
table;50004;"RecordLink Extender";
table;50005;"Vehicle Repair Header";
table;50006;"HR Emp Qualification Changes";
table;50007;"HR Employee Staff Changes";
table;50008;"Next Of KIn Application";
table;50009;"HR Employee Registration";
table;50010;"NLC Grade Multiplier";
table;50011;"Greencom Sms Messages";
table;50012;"Scoreing Template";
table;50013;Attachmentss;
table;50014;"Disposal Reasons";
table;50015;"Attachment Lines";
table;50016;Hotels;
table;50017;"Document Approval Delegation";
table;50018;"Asset Actions";
table;50019;"Scoring Lines";
table;50020;"Character Setup";
table;50021;"Survey Character";
table;50022;"Monthly Salary Scale";
table;50023;"Interview Pannel";
table;50024;"Holding Area";
table;50025;"Holding Lines";
table;50026;"Signature Record";
table;50027;"Store Requistion Line";
table;50028;"Store Requisition TT Line";
table;50029;"Returned /Rejected Goods";
table;50030;"Make/Model";
table;50035;"Vehicle Type";
table;50036;"Vehicle Entitlement";
table;50037;"Vehicle Request";
table;50038;"Vehicle Incident";
table;50062;"Discipline Details";
table;50063;"Discipline Document Stage";
table;50067;"HR Disclipline Cue";
table;50068;"Discipline Accused Employees";
table;50069;"Discipline Applications";
table;50085;"Repair Recommendation";
table;50096;"Maintenance Plan";
table;50097;"Maintenance Plan Lines";
table;50098;"Actual Maintenance";
table;50099;"Actual Maintenance Lines";
table;50100;"Asset Incident";
table;50101;"Asset Incident Lines";
table;50102;"Asset Repair Header";
table;50103;"Asset Repair Lines";
table;50104;"Maintanance Types";
table;50105;"HR Asset Transfer Headers";
table;50108;"Disposal Plan Table Headers";
table;50111;"Disposal Periods";
table;50117;"Incidence Types";
table;50123;"Supplier Categories";
table;50135;"Disposal Method";
table;50139;"Disposal plan table line";
table;50511;"HR Activities Cue";
table;52193423;"HR Job Responsiblities";
table;52193424;"HR Jobs";
table;52193425;"HR Job Requirements";
table;52193426;"HR Job Occupations";
table;52193427;"HR Job Qualifications";
table;52193428;"HR Job Applications";
table;52193429;"HR Job Training Needs";
table;52193430;"HR Appraisal Ledger Entries";
table;52193431;"HR Appraisal Period";
table;52193432;"HR Company Targets Header";
table;52193433;"HR Employees";
table;52193434;"HR Employee Kin";
table;52193435;"HR Employee Requisitions";
table;52193436;"HR Employee Qualifications";
table;52193437;"HR Employee Exit Interviews";
table;52193438;"HR Employee SIC Numbers";
table;52193439;"HR Employee Course Comp.";
table;52193440;"HR Employee Attachments";
table;52193441;"HR Employee Grievance";
table;52193442;"HR Individual Target Line";
table;52193443;"HR Company Target Line";
table;52193444;"HR Employee Course of Study";
table;52193445;"HR Employees Supervisees";
table;52193446;"HR Leave Carry Allocation";
table;52193447;"HR Leave Types";
table;52193448;"HR Leave Application";
table;52193449;"HR Leave Journal Template";
table;52193450;"HR Leave Journal Batch";
table;52193451;"HR Leave Periods";
table;52193452;"HR Leave Register";
table;52193453;"HR Leave Ledger Entries";
table;52193454;"HR Leave Attachments";
table;52193455;"HR Leave Family Groups";
table;52193456;"HR Leave Family Employees";
table;52193457;"HR Leave Reimbursement";
table;52193458;"HR Leave Planner Header2";
table;52193459;"HR Leave Planner Lines2";
table;52193460;"HR Leave Journal Line";
table;52193461;"HR Applicant Qualifications";
table;52193462;"HR Applicant Referees";
table;52193463;"HR Applicant Hobbies";
table;52193464;"HR Shortlisted Applicants";
table;52193465;"HR E-Mail Parameters";
table;52193466;"HR Setup";
table;52193467;"HR Calendar";
table;52193468;"HR Lookup Values";
table;52193469;"HR Calendar List";
table;52193470;"HR Non Working Days & Dates";
table;52193471;"HR Commitee Members";
table;52193472;"HR Committees";
table;52193473;"HR Policies";
table;52193474;"HR Company Attachments";
table;52193475;"HR OSIncident";
table;52193476;"HR OSAccident Incident Line";
table;52193477;"HR OSAccident";
table;52193478;"HR OSAccident Line";
table;52193479;"HR OSMeasure Line";
table;52193480;"HR OSSafety Checklist";
table;52193481;"HR OSSafety Rules";
table;52193482;"HR OSInjured Person";
table;52193483;"HR OSInvestigation";
table;52193485;"HR Transport Allocations";
table;52193486;"HR Transport Allocations H";
table;52193487;"HR Transport Requisition";
table;52193488;"HR Transport Requisition Pass";
table;52193489;"Clearance Certificate";
table;52193490;"Employee Separation Header";
table;52193491;"HR Shortlisting Filters";
table;52193492;"HR Employee Transfer Header";
table;52193493;"HR Employee Transfer Lines";
table;52193494;"HR Asset Transfer Header";
table;52193495;"HR Asset Transfer Lines";
table;52193495;"HR Asset Transfer Lines";
table;52193496;"HR Training App Header";
table;52193497;"HR Training Needs";
table;52193498;"HR Training Cost";
table;52193499;"HR Training App Lines";
table;52193500;"HR Training Bonding Conditions";
table;52193501;"HR Exit Training Bonding";
table;52193502;"HR Individual Targets Header";
table;52193503;"HR Medical Schemes";
table;52193504;"HR Medical Scheme Members";
table;52193505;"HR Medical Claims";
table;52193506;"HR Jobs to Succeed";
table;52193507;"HR Employee Confirmation";
table;52193508;"HR Promo. Recommend Header";
table;52193509;"HR Promo. Recommend Lines";
table;52193510;"HR Professional body Header";
table;52193511;"HR Professional Body Lines";
table;52193512;"HR Appraissal Appeal";
table;52193513;"HR Medical Overexpenditure";
table;52193514;"HR Succession Employee";
table;52193515;"HR Succession Comments";
table;52193516;"HR Employee Qualification Gaps";
table;52193517;"HR Position Forecasting Header";
table;52193518;"HR Appraisal Header";
table;52193519;"HR Appraisal Lines";
table;52193520;"HR Appraisal Eval Areas";
table;52193521;"HR Appraisal Company Target";
table;52193522;"HR Perspectives Setup";
table;52193523;"HR Transport Allocation Matrix";
table;52193524;"PR NHIF";
table;52193525;"PR PAYE";
table;52193526;"PR Bank Accounts";
table;52193527;"Exit Interview Questionnaire";
table;52193528;"prNSSF Tiers";
table;52193529;"PR Bank Branches";
table;52193530;"PR Payroll Periods";
table;52193531;"PR Transaction Codes";
table;52193532;prInsurancePolicies;
table;52193533;"prEmployee Banks";
table;52193534;"prMassEmployee Transactions";
table;52193535;"prUnused Relief";
table;52193536;"PR Employee Transactions";
table;52193537;"PR Period Transactions";
table;52193538;"PR Employee P9 Info";
table;52193539;"PR Employer Deductions";
table;52193540;"Procurement Methods";
table;52193541;prEmployeeEffort;
table;52193542;"prPayroll Type";
table;52193543;"PR Vital Setup Info";
table;52193544;"PR Salary Card";
table;52193545;"prBasic pay PCA";
table;52193546;"prFormula Results";
table;52193547;"prStaff Dimensions";
table;52193548;prTimeSheets;
table;52193549;"prMembership Groups";
table;52193550;"prInstitutional Membership";
table;52193551;"prEmployee Trans PCA";
table;52193552;prEmployeeRepeatingTx;
table;52193553;"prEmployee Posting Group";
table;52193554;"prEmployee Transactions Ads";
table;52193555;"prEmployee Salary Ledger";
table;52193556;"prEmployee Trans IMP BAL";
table;52193557;"PR Salary Arrears22";
table;52193558;"Control-Information";
table;52193559;"PR Basic Pay";
table;52193560;"Transfer Schedule 1";
table;52193561;"PR Salary Arrears";
table;52193562;"prSalary Review Header";
table;52193563;"prSalary Review Lines";
table;52193564;"Salary Step/Notch Transactions";
table;52193565;"prPayroll Variations";
table;52193566;"prSalary Card Casual";
table;52193567;"PrCasual Payroll Setup";
table;52193568;"Base Calendar Change New";
table;52193569;"Customized Calendar Change New";
table;52193570;"prPayroll Setup";
table;52193571;"prSalary Advance";
table;52193572;"prGratuity Approval";
table;52193573;"prBonus Recommendation Header";
table;52193574;"Responsibility Center BR NEW";
table;52193575;"prSalary Scale";
table;52193576;"prMonthly Variance";
table;52193577;prPayChange;
table;52193578;"Online Users";
table;52193579;"Online Sessions";
table;52193580;"HR Objectives Targets";
table;52193581;"HR Interpersonal Factors";
table;52193582;"HR Overall Comments";
table;52193583;"HR Organizational Indicators";
table;52193584;"Appraisal Training Development";
table;52193585;"Applicant Register";
table;52193586;"Attachment ID Buffer";
table;52193587;"Applicant Sessions";
table;52193588;"Applicant Profiles";
table;52193589;"Applicant Documents";
table;52193590;"Applicant Referees";
table;52193591;"Applicant Education Background";
table;52193592;"Applicant Employment Profile";
table;52193593;"HR Knowledge and Skills";
table;52193594;"Applicant Personal Attributes";
table;52193595;"Job Applications_";
table;52193596;"Applicant Employment Details";
table;52193597;"HR Leave Relievers";
table;52193598;"PR Employees Salary Scale";
table;52193599;"NAV Applicant Relevant Docs1";
table;52193600;"HR Transport Requisition Line";
table;52193601;"Staff Advance Headers";
table;52193602;"Staff Advance Line";
table;52193603;"Payroll Changes";
table;52193604;"Payroll Change Request Line";
table;52193605;"HR Employee Transfer Line";
table;52193606;"HR Employees Infor Changes";
table;52193607;"HR Employee Info Change";
table;52193608;"HR Appplicants Requirements";
table;52193609;"HR Applic Related Requirements";
table;52193610;"HRBack To Office Forms";
table;52193611;"Farmer Purchase Broker Setup";
table;52193612;"Budgetary Control Setup";
table;52193613;Committment;
table;52193614;"Store Requistion Header";
table;52193615;"Store Requistion Lines";
table;52193616;"Procurement Limit Code";
table;52193617;"Travel Destination";
table;52193618;"Destination Rate Entry";
table;52193619;"Cash Office User Template";
table;52193620;"Receipts and Payment Types";
table;52193621;"Cash Payments Header";
table;52193622;"Tariff Codes";
table;52193623;"Receipt Line";
table;52193624;"Payment Line";
table;52193625;"Imprest Details-User";
table;52193626;"Cash Payment Line";
table;52193627;"InterBank Transfers";
table;52193628;"Bank Slip";
table;52193629;"Bank Slip Line";
table;52193630;"Payments-Users";
table;52193631;"Imprest Surrender Header";
table;52193632;"Imprest Surrender Details";
table;52193633;"Cash Office Setup";
table;52193634;"Payments Header";
table;52193635;"Receipts Header";
table;52193636;"Expense Code";
table;52193637;"Imprest Details";
table;52193638;"Cashier Link";
table;52193639;"Pending Voucher Entry";
table;52193640;"Pending Vch. Surr. Header";
table;52193641;"Pending Vch. Surr. Line";
table;52193642;Banks;
table;52193643;"Bank Bal. Alert Buffer";
table;52193644;"CshMgt Cash Request";
table;52193645;"CshMgt Cash Issue";
table;52193646;"CshMgt Cash Receipt";
table;52193647;"CshMgt PV Steps";
table;52193648;"Proc. Method Stage Duration";
table;52193649;"W/P Budget Buffer";
table;52193650;"Workplan Activities";
table;52193651;"Loader Group";
table;52193652;"CshMgt Approvals";
table;52193653;"Cshmgt PV Audit";
table;52193654;"Cshmgt Cashier InterTransfer";
table;52193655;"Cshmgt Cashier Transfer";
table;52193656;"CshMgt Cashier Receipts";
table;52193657;"User Document Cancellation";
table;52193658;"Document Cancellation Users";
table;52193659;"Responsibility Center BR 2";
table;52193660;"Applicant Relevant Documents";
table;52193661;"NAV Applicant Relevant Docs";
table;52193662;"Payroll Change";
table;52193663;"Imprest Header";
table;52193664;"Imprest Lines";
table;52193665;"Value Posting";
table;52193666;"Staff Claims Header";
table;52193667;"Staff Claim Lines";
table;52193668;"Staff Advance Header";
table;52193669;"Staff Advance Lines";
table;52193670;"Staff Advance Surrender Header";
table;52193671;"Staff Advanc Surrender Details";
table;52193672;"Petty Cash Assignment";
table;52193673;"Funds Management Cue";
table;52193674;"Central Payment";
table;52193675;N;
table;52193676;"G/L Entry Change log";
table;52193677;"Cash Purchase ass. doc.";
table;52193678;"Daily Diesel Tracking";
table;52193679;"FA Budget Entry";
table;52193680;"Purchase Quote Header";
table;52193681;"Purchase Quote Line";
table;52193682;"Quote Specifications";
table;52193683;"Quotation Specification Lines";
table;52193684;"Quotation Request Vendors";
table;52193685;"Purchase Committments";
table;52193686;"Purchase Quote Params";
table;52193687;"JV Header";
table;52193688;"JV Lines";
table;52193689;"Depreciation Tb Header Output";
table;52193690;"Temp Fixed Asset";
table;52193691;"Temp Reports Approval";
table;52193692;"Bid Analysis";
table;52193693;"FA WIP Suggest Lines";
table;52193694;"Supply Chain Management Cues";
table;52193695;"Payroll Change Request Lines";
table;52193696;"Acceleration Pool Nomination";
table;52193697;"HR Qualification Cartegories";
table;52193698;"HR Qualifications";
table;52193699;"HR Criteria Setup";
table;52193700;"HR Attitudes Targets Setup";
table;52193701;"HR MID-Year Review";
table;52193702;"Payslip Periods";
table;52193703;"Company Vehicle list";
table;52193704;"Investment Header";
table;52193705;"Investment Setup";
table;52193706;"Investment Firms";
table;52193707;"Investment Types";
table;52193708;Rates;
table;52193709;"Archived Investment Header";
table;52193710;"Master Record Creation Header";
table;52193711;"Master Record Creation Lines";
table;52193712;"Transfer Schedule";
table;52193713;"PR Employee Allowances";
table;52193714;"HRBack To Office Form";
table;52193715;"HR Training Participants";
table;52193716;"Online User Reset Activity";
table;52193717;"Company Documents";
table;52193718;"PR Employees Salary Scale1";
table;52193719;"Item Budget Dimension";
table;52193720;Workplan;
table;52193721;PC;
table;52193722;"Medium Plan";
table;52193723;"Employee Bankss";
table;52193724;"Trip Destination";
table;52193725;"Lab request";
table;52193726;"Proposal/Projects Areas setup";
table;52193727;"Proposal/Projects Areas";
table;52193728;Jobs;
table;52193729;"Job-Ledger Entry";
table;52193730;"Job-Posting Group";
table;52193731;"Job-Journal Template";
table;52193732;"Job-Journal Line";
table;52193733;"Grant Phases";
table;52193734;"Grant Surrender Header";
table;52193735;"Grant Surrender Details";
table;52193737;"Job-Journal Batch";
table;52193738;"Job-Register";
table;52193740;"Jobs-Setup";
table;52193741;"Job-Task";
table;52193742;"Job-Task Dimension";
table;52193743;"Job-Planning Line";
table;52193744;"Job-WIP Entry";
table;52193745;"Job-WIP G/L Entry";
table;52193746;"Job-Resource Price";
table;52193747;"Job-Item Price";
table;52193748;"Job-G/L Account Price";
table;52193749;"Job-Entry No.";
table;52193750;"Job-Buffer";
table;52193753;"Audit provision";
table;52193754;"Employee Portal Test";
table;52193755;"Special Conditions for Travel";
table;52193756;"Reporting Date";
table;52193757;"Project Partners";
table;52193758;"Project Donors";
table;52193759;Donors;
table;52193760;"Phase Reporting Schedules";
table;52193761;"Project Personnel Cost Alloc";
table;52193762;"Project Roles";
table;52193763;"Budget Grouping Codes";
table;52193764;"Re-Budgeting Condition";
table;52193765;"Project Components";
table;52193766;"Donor IC G/L Account";
table;52193767;"Grants Compliance";
table;52193768;"Compliance ledger Entries";
table;52193769;"Compliance journal";
table;52193770;"Ledger Entry Dimension";
table;52193771;"Journal Line Dimension";
table;52193772;"Contract Route Sheet";
table;52193773;"Proposal Check List";
table;52193774;"Close Out Check List";
table;52193775;"Closeout Checklist Lines";
table;52193776;"PI Master";
table;52193777;"Institution Departments";
table;52193778;"Jobs Comments";
table;52193779;"Main Sub Component";
table;52193780;"Grants Lookup Values";
table;52193781;"Purch. Inspection. Header";
table;52193782;"CshMgt Application";
table;52193783;"Purch. Rcpt. Line-Undo";
table;52193784;"HR Employee Referees";
table;52193785;"Purch. Inspection. HeaderN";
table;52193786;"Purch. Inspection. Line";
table;52193787;"Evaluation Year";
table;52193788;"Workplan Entry";
table;52193789;"Workplan Dimension";
table;52193790;"Workplan Budget Buffer";
table;52193791;"Workplan Budget Name";
table;52193792;"Workplan Budget Allocation";
table;52193793;"Temp Budget Alloc Purch";
table;52193794;"Temp Budget Alloc Sale";
table;52193795;"Temp Budget Alloc G/L";
table;52193796;Contracts;
table;52193797;"Contract Milestone Entry";
table;52193798;"Contract Types";
table;52193799;"Contract Lines";
table;52193800;"Contract Lines Types";
table;52193801;"Contract Cycle";
table;52193802;"Contract Cycle Stage";
table;52193803;"Contract Expectation Details";
table;52193804;"Contract Expectations";
table;52193805;"Tender Plan Header";
table;52193806;"Tender Plan Lines";
table;52193807;"Workplan Name";
table;52193809;Tender;
table;52193810;"Tender Product";
table;52193811;"Tender Specifications";
table;52193812;Questionaire;
table;52193813;"Order/Req Buffer";
table;52193814;"Banks List";
table;52193815;Bidder;
table;52193816;"Bidder Tender";
table;52193817;Partnership;
table;52193818;"Business Referees";
table;52193819;"Purchase Price Temp";
table;52193820;"Tender Header Specification";
table;52193821;"Tender Line Specification";
table;52193822;"Online Feedback";
table;52193823;"New Tender Items";
table;52193824;"Tender Setup";
table;52193825;"Evaluation Parameter Header";
table;52193826;"Evaluation Parameter Line";
table;52193827;"Evaluation Criterial Header";
table;52193828;"Evaluation Criterial Line";
table;52193829;"Investigator Information";
table;52193830;Deadlines;
table;52193831;Deliverables;
table;52193832;"Project Study areas new";
table;52193833;"Ampath Data Source Forms";
table;52193834;"Evaluation Parameters Areas";
table;52193835;"Evaluation Parameters Setup";
table;52193836;"Vendor Criteria";
table;52193837;"Criteria Line";
table;52193838;"HR Comment Lines";
table;52193839;"HR Leave Recommenders";
table;52193840;"HR Individual Objectives";
table;52193841;"All Stages Per Contract";
table;52193842;"Employee Class";
table;52193843;"Inspection Header";
table;52193844;"Inspection Line";
table;52193845;"Contract Line";
table;52193846;"Internal Return Header";
table;52193847;"Internal Return Lines";
table;52193848;"Purchase Quote Inspection List";
table;52193849;"Purchase Line Replica";
table;52193850;"Employee Separation Lines";
table;52193852;"HR Employees Info Changes";
table;52193853;"HR Appraisal Journal Line";
table;52193854;"HR BSC Register";
table;52193855;"HR Employment History";
table;52193856;"HR Appraisal Journal Batch";
table;52193857;"HR Appraisal Journal Template";
table;52193858;"HR Interview Details";
table;52193859;"HR Job Interview";
table;52193860;"HR Hiring Criteria";
table;52193861;"HR Induction Schedule";
table;52193862;"HR Staff  Induction";
table;52193863;"HR Dept. Responsibilities";
table;52193864;"HR Current Employment";
table;52193865;"HR Company Activities";
table;52193866;"HR Activity Participants";
table;52193867;"HR Employee Separation";
table;52193868;"Applicant relevant Documents1";
table;52193869;"HR Employee Role Center Cue";
table;52193870;"HR Disciplinary Cases NCA";
table;52193871;"Company Vehicles";
table;52193872;"HR Appl Employment History";
table;52193873;"HR Individual Objectives1";
table;52193874;"HR Individual Objective";
table;52193875;"HR Staff Loan Types";
table;52193876;"HR Batches";
table;52193877;"HR Staff Loan Request";
table;52193878;"HR Car Loan Setup";
table;52193879;"HR Approvals Set Up";
table;52193880;"HR Movement Tracker";
table;52193881;"HR File Movement Tracker";
table;52193882;"HR Loan Repayment Schedule";
table;52193883;"HR Overtime Header";
table;52193884;"HR Overtime Lines";
table;52193885;"HR Staff Loan Guarantors";
table;52193886;"HR Overtime Rates";
table;52193887;"PR Email Status";
table;52193888;"HR Overtime Ledger Entries";
table;52193889;"HR Employee Bank Accounts";
table;52193890;"Bank Payment List";
table;52193891;"HR Employee Competence";
table;52193892;"PR Trans Codes Groups";
table;52193893;"HR Employees - Changes";
table;52193894;DMS;
table;52193895;"Seconded Table";
table;52193896;"Employee Equipment";
table;52193897;"Employee Bank Accounts History";
table;52193898;"HR Job Related Requirements";
table;52193899;"Employee Referees";
table;52193900;"HR Employees Info Change";
table;52193901;"Store Requistion Headers";
table;52193902;"Store Requistion Line2";
table;52193904;"HR Employee Changes Requests";
table;52193905;"HR Officers2";
table;55923;"EFT Registry";
table;55924;"User Perm Setup (Field)";
table;55929;"Setup for All Email Documents";
table;55930;"Document Emailing Users";
table;56019;"Copyright Setup";
table;56025;"Case Set-Ups";
table;56026;"Complaints set-ups";
table;56027;"Station set-ups";
table;56028;"Courts Structures";
table;56029;"Case Document Types";
table;56035;"Case File";
table;56036;"Employee Disciplinary Status";
table;56037;"Case Schedule";
table;56040;"Case Investigator";
table;56041;"Document registration";
table;56046;"Case Year Setups";
table;56092;"Case Register";
table;56093;"Case Hearing";
table;56094;"Case Witnesses";
table;56095;"Case Judges";
table;56096;"Court Houses";
table;56097;"Company Judges";
table;56098;"Advocates on Record";
table;59100;"Employee Acting Position";
table;60000;"Permission Set For Roles";
table;60001;"Permission For Roles";
table;65016;"Funding Source";
table;65040;"Financial Year Code";
table;69014;"Salary Pointers";
table;69015;"Salary Scales";
table;69016;"Salary Pointer Details";
table;69019;"Scale Benefits";
table;69055;"Employee Transfers";
table;69121;"Document Link";
table;69126;"Overtime Header";
table;69127;"Overtime lines";
table;69138;"Disciplinary Case Ratings";
table;69139;"Disciplinary Remarks";
table;69140;"Disciplinary Cases";
table;69141;"Disciplinary Actions";
table;69150;"Ethnic Background";
table;69199;"Hr Case Witness";
table;69200;"HR Disciplinary Cases";
table;69201;"HR Models";
table;69207;"HR Leave Planner Lines";
table;69216;"Documents";
table;69217;"HR Leave Planner Header";
table;69250;"Cadre Groups Setup";
table;69254;"Disciplinary Committees";
table;69255;"Disciplinary Committee Members";
table;69257;"Domain Area1";
table;69452;"Recruitment Salary Benefits";
table;69458;"Transfer Reasons";
table;69510;"Plaintive-Defentants";
table;69511;"Nature of Cases";
table;69512;"Case Types";
table;69513;"Case Advocates";
table;69514;"Case Plantiff-Defandants";
table;69515;"Case Plantiffs All";
table;69516;"Case Defendants All";
table;69517;"Disciplinary Status Table";
table;69519;"Document Mailing Lines";
table;69600;"Company Positions";
table;69601;"Designation Groups";
table;69606;"Duty Station";
table;69607;"Staff Establishment Plan";
table;69608;"Establishment Plan Position";
table;69609;"Establishment Planning Line";
table;69612;"Recruitment Reason Code";
table;69613;"Recruitment Plan";
table;69614;"Recruitment Plan Principle";
table;69615;"Recruitment Plan Position";
table;69616;"Recruitment Planning Line";
table;69617;"Terms of Service";
table;69618;"Domain Area";
table;69619;"Recruitment Requisition Header";
table;69620;"Recruitment Req Work Condition";
table;69621;"Recruitment Req Requirement";
table;69622;"Vacancy";
table;69623;"Recruitment Req Responsibility";
table;69627;"Job Board";
table;69628;"Recruitment Agency";
table;69629;"Recruitment Req Substitute";
table;69630;"Vacancy Announcement";
table;69631;"Vacancy Announcement Line";
table;69632;"Vacancy Announcement Posting";
table;69633;"Career Fair Attendance";
table;69634;"Committee Type";
table;69635;"Committee Composition";
table;69636;"Commitee Function";
table;69637;"Commitee Guideline";
table;69638;"Commitee Appointment Voucher";
table;69639;"Commitee Appointed Member";
table;69640;"Commitee Terminated Member";
table;69641;"Selection Commitee Vacancy";
table;69642;"Disability Code";
table;69643;"HR Document Type";
table;69644;"HR Document Template";
table;69645;"Document Template Line";
table;69646;"Job Applications";
table;69647;"Job Applicants Qualification";
table;69648;"Ethnic Group";
table;69649;"Applicant";
table;69651;"Hobby Type";
table;69652;"Applicant Qualification Histor";
table;69653;"Applicant_Employee Hobby";
table;69654;"Employee_Applicant Referees";
table;69655;"Employee_Applicant Language";
table;69656;"Application Qualification";
table;69657;"Application Qualification His";
table;69658;"Application Hobby";
table;69659;"Application Referees";
table;69660;"Application Language";
table;69661;"Requirements Checklist";
table;69662;"Recruitment Req Documents";
table;69663;"Passed Mandatory";
table;69664;"HR Officers";
table;69666;"Job Application Requirements";
table;69667;"Application Req.  Evidence";
table;69669;"Applications Prescreening Ques";
table;69670;"Application Qsn Options";
table;69671;"Applications Pre-Screen Note";
table;69672;"Application Filled Documents";
table;69673;"Application Declaration";
table;69674;"Candidate Shortlist Scoring";
table;69675;"Candidate Shortlist Score Guid";
table;69676;"Candidate Selection Committee";
table;69677;"Declaration Statement Setup";
table;69678;"Close Ended Qn Type";
table;69679;"Closed Qn Response Option";
table;69680;"Pre-Screen Template";
table;69681;"Pre-Screen Template Line";
table;69682;"Template Questn Option";
table;69683;"Recruitment Req Pre-Screen Qn";
table;69684;"Recruit Req Pre Screen Optn";
table;69685;"Recruitment Selection Ledger";
table;69686;"HR Screening Template";
table;69687;"Hr Screening Qn Group";
table;69688;"Hr Screening Template Line";
table;69689;"Screening Template Qn Option";
table;69690;"Apptitude Question";
table;69691;"Apptitude Question Choice";
table;69692;"Apptitude Qn Marking Scheme";
table;69693;"Unresponsive Appn Reason";
table;69694;"Employee Exit Reason Code";
table;69695;"Medical Examination Type";
table;69696;"Medical History Setup";
table;69697;"Medical Checks Template";
table;69698;"Medical Checks Template Line";
table;69699;"Ability Test";
table;69700;"Ability Test Question";
table;69701;"PreScreen Header";
table;69702;"PreScreening Line";
table;69703;"PreScreening Phone Log";
table;69704;"Ability Test Response";
table;69705;"Test Response Question";
table;69706;"Candidate Selection Header";
table;69707;"Candidate Selection Panel";
table;69708;"Candidate Selection Panelist";
table;69709;"Candidate Shortlist Matrix";
table;69710;"Candidate Shortlist Criteria";
table;69711;"Shortlist Failed Academic";
table;69712;"Shortlist Failed General";
table;69713;"Shortlist Failed Management";
table;69714;"Interview Required Documents";
table;69715;"Candidate Interview Line";
table;69716;"Candidate Interview Record";
table;69717;"Candidate Interview Qn Group";
table;69718;"Candidate Interview Question";
table;69719;"Panel Chair Interview Line";
table;69720;"Background Checks Header";
table;69721;"Background Checks Document";
table;69722;"Background Checks Reference";
table;69723;"Referee Recommendation";
table;69724;"Referee Recommendation Line";
table;69725;"Referee Recomm Rating";
table;69726;"PreHire Medical Report";
table;69727;"Prehire Medical Report Lines";
table;69728;"Employment Offer";
table;69729;"Employment Offer Compensation";
table;69730;"Benefit Program";
table;69731;"Benefit Package";
table;69732;"Benefit Eligibility Guideline";
table;69733;"Benefit Plan Line";
table;69734;"Benefit Plan Grade";
table;69735;"Vacancy Declaration";
table;69736;"Shortlisting Score Code";
table;69737;"Screening Template Score Guide";
table;69738;"Screening Templae Line Comment";
table;69739;"Company activities";
table;69740;"Cadre Header";
table;69741;"Cadre Position Lines";
table;69742;"HR Discplinary Bodies";
table;69743;"Mode of Lodging Case";
table;69780;"HR Appraisal Comments";
table;70000;"Data Movement Table";
table;70001;"Tables With Data";
table;70003;"Object Renumbering Setup";
table;70004;"Store Object Name";
table;70110;"Dynasoft Portal User";
table;80000;"Leave Log";
table;80010;"Corporate Strategic Plans";
table;80011;"Strategy Core Value";
table;80021;"SPM General Setup";
table;85014;"Domain Areas";
table;85023;"Document Template";
table;85084;"Document Requirements";
tableextension;50001;"FA Journal Line";
tableextension;50001;"Company Information";
tableextension;50002;"FA Ledger Entry";
tableextension;50087;Contact;
tableextension;50100;Qualification;
tableextension;50101;Location;
tableextension;50102;"G/L Account";
tableextension;50103;"G/L Entry";
tableextension;50104;Customer;
tableextension;50105;Vendor;
tableextension;50106;Item;
tableextension;50107;"Item Ledger Entry";
tableextension;50108;"Sales Header";
tableextension;50109;"Sales Line";
tableextension;50110;"Purchase Header";
tableextension;50111;"Purchase Line";
tableextension;50112;"Accounting Period";
tableextension;50113;"Company Information";
tableextension;50114;"Gen. Journal Line";
tableextension;50115;"Item Journal Line";
tableextension;50116;"User Setup";
tableextension;50117;"Customer Posting Group";
tableextension;50118;"Vendor Posting Group";
tableextension;50119;"Inventory Posting Group";
tableextension;50120;"G/L Budget Name";
tableextension;50121;"G/L Budget Entry";
tableextension;50122;"General Ledger Setup";
tableextension;50123;"Sales Invoice Header";
tableextension;50124;"Purch. Rcpt. Header";
tableextension;50125;"Purch. Rcpt. Line";
tableextension;50126;"Purch. Inv. Header";
tableextension;50127;"Purch. Inv. Line";
tableextension;50128;Resource;
tableextension;50129;Job;
tableextension;50130;"Gen. Journal Batch";
tableextension;50131;"General Posting Setup";
tableextension;50132;"Bank Account";
tableextension;50133;"Bank Acc. Reconciliation";
tableextension;50134;"Bank Acc. Reconciliation Line";
tableextension;50135;"Bank Account Statement";
tableextension;50136;"Job Cue";
tableextension;50137;"Bank Account Posting Group";
tableextension;50138;"No. Series Relationship";
tableextension;50139;"Sales & Receivables Setup";
tableextension;50140;"Purchases & Payables Setup";
tableextension;50141;"Inventory Setup";
tableextension;50142;"Jobs Setup";
tableextension;50143;"Dimension Value";
tableextension;50144;"Default Dimension";
tableextension;50145;"Analysis View Budget Entry";
tableextension;50146;"Approval Setup";
tableextension;50147;"Approval Entry";
tableextension;50148;"Approval Comment Line";
tableextension;50149;"Approval Templates";
tableextension;50150;"Additional Approvers";
tableextension;50151;"Job Task";
tableextension;50152;"Job Planning Line";
tableextension;50153;"Job Entry No.";
tableextension;50154;"Purchase Header Archive";
tableextension;50155;"Purchase Line Archive";
tableextension;50156;"Human Resource Comment Line";
tableextension;50157;"Misc. Article";
tableextension;50158;"Misc. Article Information";
tableextension;50159;"Confidential Information";
tableextension;50160;"Fixed Asset";
tableextension;50162;"FA Posting Group";
tableextension;50163;"Responsibility Center";
tableextension;50164;"Transfer Header";
tableextension;50165;"Item Budget Entry";
tableextension;50166;"Purchase Cue";
tableextension;70010;"Human Resources Setup";
tableextension;70014;"FA Setup";
tableextension;70020;"Bank Account Statement Line";
tableextension;70024;"Dimension Value";
tableextension;70025;"Job Cue";
xmlport;50000;"PR Basic Pay Import";
xmlport;50001;"Grant List";
xmlport;50002;"PR Salary Card";
xmlport;50004;Partners;
xmlport;50005;Compliance;
xmlport;50006;address;
xmlport;50007;"Customer/donor";
xmlport;50008;"Opening Bal";
xmlport;50009;"Vendor Categories";
xmlport;50010;"hr-employee";
xmlport;50011;"Next of Kin";
xmlport;50012;"hr lookup";
xmlport;50013;"Item Import";
xmlport;50014;Dimension;
xmlport;50015;"My Temp";
xmlport;50016;dsf;
xmlport;50017;"Proposal checklist List";
xmlport;50018;"My TransCodes";
xmlport;50019;"My salcard";
xmlport;50020;"user setup";
xmlport;50021;"Item Journal Line Import";
xmlport;50022;"Trainning Needs";
xmlport;50023;"hr-employee33";
xmlport;50024;"Responsibility Br";
xmlport;50025;Inventory;
xmlport;50026;"emp his";
xmlport;50027;emp;
xmlport;50028;"emp his2";
xmlport;50029;"emp dates";
xmlport;50030;"Item Journal Import";
xmlport;50050;"Item Jnl Import";
xmlport;50052;"Item Tracking";
xmlport;50053;"Item export";
xmlport;50060;"FA Locations";
xmlport;50062;FACards;
xmlport;50063;"FA Deprreciation Book";
xmlport;50065;"Chart of Accounts";
xmlport;50067;Banklist;
xmlport;50069;"HR Leave Ledger Entries";
xmlport;50070;"HR Employees XML";
xmlport;50071;"HR Employees XML 2";
xmlport;50072;"Destination Code List";
xmlport;50073;"Destination Rate";
xmlport;50074;FAopenning;
xmlport;50075;Dependants;
xmlport;50076;"HR Employees XMLw";
xmlport;50077;"HR Employees XMLBeneficiary";
xmlport;50078;"bank A/Cs";
xmlport;50079;"ID Numbers";
xmlport;50080;"Asset Upload";
xmlport;50081;"Items Upload";
xmlport;50082;"Asset Depreciation Book Upload";
xmlport;52193423;prPAYE;
xmlport;52193424;"loan balances";
xmlport;52193425;"prBank Structure";
xmlport;52193426;"prEmployee Transactions";
xmlport;52193427;"prNSSF Tiers";
xmlport;52193428;"bank accounts";
xmlport;52193429;IDs;
xmlport;52193430;"Assets Upload";
